open64	-1	/mnt/workspace/hc-pre-reduction-20260930/iteration-04/__pycache__/hc_pre_v2.cpython-312.pyc
open64	7	/mnt/workspace/hc-pre-reduction-20260930/iteration-04/hc_pre_v2.py
open64	7	/mnt/workspace/hc-pre-reduction-20260930/iteration-04/__pycache__/hc_pre_v2.cpython-312.pyc.281471015087408
fopen	7	/mnt/workspace/mhc-validation-20260930/venv/lib/python3.12/site-packages/fla_npu/opp/vendors/fla_npu_transformer/op_proto/lib/linux/aarch64/libcust_opsproto_rt2.0.so
fopen	7	/mnt/workspace/mhc-validation-20260930/venv/lib/python3.12/site-packages/fla_npu/opp/vendors/fla_npu_transformer/op_impl/ai_core/tbe/op_tiling/lib/linux/aarch64/libcust_opmaster_rt2.0.so
fopen	7	/mnt/workspace/hc-pre-reduction-20260930/cast-source-baseline/opp/vendors/cast_baseline_transformer/op_proto/lib/linux/aarch64/libcust_opsproto_rt2.0.so
fopen	7	/mnt/workspace/hc-pre-reduction-20260930/cast-source-baseline/opp/vendors/cast_baseline_transformer/op_impl/ai_core/tbe/op_tiling/lib/linux/aarch64/libcust_opmaster_rt2.0.so
fopen	7	/mnt/workspace/mhc-validation-20260930/vllm-ascend/vllm_ascend/_cann_ops_custom/vendors/custom_transformer/op_proto/lib/linux/aarch64/libcust_opsproto_rt2.0.so
fopen	7	/mnt/workspace/mhc-validation-20260930/vllm-ascend/vllm_ascend/_cann_ops_custom/vendors/custom_transformer/op_impl/ai_core/tbe/op_tiling/lib/linux/aarch64/libcust_opmaster_rt2.0.so
fopen	20	/mnt/workspace/mhc-validation-20260930/venv/lib/python3.12/site-packages/fla_npu/opp/vendors/fla_npu_transformer/op_impl/ai_core/tbe/op_tiling/lib/linux/aarch64/libcust_opmaster_rt2.0.so
fopen	20	/mnt/workspace/hc-pre-reduction-20260930/cast-source-baseline/opp/vendors/cast_baseline_transformer/op_impl/ai_core/tbe/op_tiling/lib/linux/aarch64/libcust_opmaster_rt2.0.so
fopen	20	/mnt/workspace/mhc-validation-20260930/vllm-ascend/vllm_ascend/_cann_ops_custom/vendors/custom_transformer/op_impl/ai_core/tbe/op_tiling/lib/linux/aarch64/libcust_opmaster_rt2.0.so
open	20	/mnt/workspace/hc-pre-reduction-20260930/cast-source-baseline/opp/vendors/cast_baseline_transformer/op_impl/ai_core/tbe/kernel/ascend910b/hc_pre/HcPre_6c9f0fa710253eff38b1c0e6be6a67be.o
fopen	20	/mnt/workspace/hc-pre-reduction-20260930/cast-source-baseline/opp/vendors/cast_baseline_transformer/op_impl/ai_core/tbe/kernel/ascend910b/hc_pre/HcPre_6c9f0fa710253eff38b1c0e6be6a67be.json
fopen	20	/mnt/workspace/mhc-validation-20260930/venv/lib/python3.12/site-packages/fla_npu/opp/vendors/fla_npu_transformer/op_proto/lib/linux/aarch64/libcust_opsproto_rt2.0.so
fopen	20	/mnt/workspace/mhc-validation-20260930/venv/lib/python3.12/site-packages/fla_npu/opp/vendors/fla_npu_transformer/op_impl/ai_core/tbe/op_tiling/lib/linux/aarch64/libcust_opmaster_rt2.0.so
fopen	20	/mnt/workspace/hc-pre-reduction-20260930/cast-source-baseline/opp/vendors/cast_baseline_transformer/op_proto/lib/linux/aarch64/libcust_opsproto_rt2.0.so
fopen	20	/mnt/workspace/hc-pre-reduction-20260930/cast-source-baseline/opp/vendors/cast_baseline_transformer/op_impl/ai_core/tbe/op_tiling/lib/linux/aarch64/libcust_opmaster_rt2.0.so
fopen	20	/mnt/workspace/mhc-validation-20260930/vllm-ascend/vllm_ascend/_cann_ops_custom/vendors/custom_transformer/op_proto/lib/linux/aarch64/libcust_opsproto_rt2.0.so
fopen	20	/mnt/workspace/mhc-validation-20260930/vllm-ascend/vllm_ascend/_cann_ops_custom/vendors/custom_transformer/op_impl/ai_core/tbe/op_tiling/lib/linux/aarch64/libcust_opmaster_rt2.0.so
open64	20	/mnt/workspace/hc-pre-reduction-20260930/cast-source-baseline/opp/vendors/cast_baseline_transformer/op_impl/ai_core/tbe/kernel/ascend910b/hc_pre/HcPre_6c9f0fa710253eff38b1c0e6be6a67be.o
