Device_id,Level,API Name,Time(us),Count,Avg(us),Min(us),Max(us),Variance
host,acl,aclnnHcPre,1661.12,60,27.685,21.37,79.9,88.837
host,acl,aclnnHcPreGetWorkspaceSize,962.75,60,16.046,14.64,21.34,0.997
host,acl,aclrtCtxGetSysParamOpt,115.13,60,1.919,1.64,2.53,0.026
host,acl,aclrtGetDeviceCount,5.47,1,5.47,5.47,5.47,0
host,acl,aclrtGetHardwareSyncAddr,88.44,60,1.474,1.09,3.72,0.127
host,acl,aclrtGetResInCurrentThread,162.07,120,1.351,0.29,3.07,0.916
host,acl,aclrtGetStreamAttribute,40.59,60,0.677,0.51,1.61,0.027
host,acl,aclrtLaunchKernelWithHostArgs,687.79,60,11.463,7.82,34.99,28.034
host,acl,aclrtSynchronizeDeviceWithTimeout,79.85,2,39.925,33.93,45.92,35.94
host,node,launch,868.54,60,14.476,10.41,38.92,32.844
