case,query_count,forward_baseline_us,forward_candidate_us,forward_change_percent,reverse_baseline_us,reverse_candidate_us,reverse_change_percent,eager_peak_increase_reduction_bytes,graph_peak_increase_reduction_bytes,forward_baseline_process_medians_us,forward_candidate_process_medians_us,reverse_baseline_process_medians_us,reverse_candidate_process_medians_us
native-torch.bfloat16-1,1,85.39517402648926,78.72555017471313,-7.810305357194114,83.47846508026123,78.90201330184937,-5.482194448606348,57796096,57796096,"[84.32207107543945, 86.41532897949219]","[78.80192279815674, 78.65769863128662]","[83.37019920349121, 83.57665061950684]","[78.78194808959961, 78.9990758895874]"
native-torch.bfloat16-16,16,91.9921875,91.12053871154785,-0.9475247976379997,93.41219902038574,90.41306018829346,-3.210650068775034,14704640,14704640,"[92.43840217590332, 91.55514717102051]","[91.19919776916504, 91.02217674255371]","[94.58595275878906, 91.54342651367188]","[90.52432060241699, 90.28027534484863]"
native-torch.bfloat16-2,2,85.66164970397949,79.56953763961792,-7.111831356755383,85.16773700714111,79.47669982910156,-6.68215145550054,65135104,65135104,"[85.84417343139648, 85.4246997833252]","[79.6396255493164, 79.49745178222656]","[84.99244689941406, 85.3300952911377]","[79.62319850921631, 79.31099891662598]"
native-torch.bfloat16-20,20,94.44910049438477,94.96043682098389,0.5413882439563533,96.03403568267822,94.24530029296875,-1.8626056657869983,0,0,"[94.01524543762207, 94.49577331542969]","[95.08090019226074, 94.79635238647461]","[98.90522956848145, 93.21107864379883]","[94.5121955871582, 93.96550178527832]"
native-torch.bfloat16-21,21,151.8350601196289,152.31407642364502,0.31548464737900517,152.76220321655273,151.01004123687744,-1.146986586198595,0,0,"[152.37542152404785, 151.33387565612793]","[152.32165336608887, 152.2988986968994]","[153.17315101623535, 152.36117362976074]","[151.15692138671875, 150.8408546447754]"
native-torch.bfloat16-24,24,151.49312496185303,152.6427984237671,0.7588948093872672,152.18435287475586,151.08858585357666,-0.7200260739558373,0,0,"[151.76950454711914, 151.17210388183594]","[152.64419555664062, 152.5920009613037]","[152.93310165405273, 151.42085075378418]","[150.83105087280273, 151.3510036468506]"
native-torch.bfloat16-25,25,151.7818021774292,152.52444744110107,0.4892847844853998,152.4162769317627,151.2064504623413,-0.7937646121372155,0,0,"[151.96064949035645, 151.60804748535156]","[152.22055435180664, 152.82270431518555]","[153.0813980102539, 151.73867225646973]","[150.96967697143555, 151.41672134399414]"
native-torch.bfloat16-32,32,154.347562789917,154.4241714477539,0.0496338629857096,154.93042469024658,154.2294979095459,-0.452413902628912,0,0,"[154.12792205810547, 154.54007148742676]","[154.5451545715332, 154.32242393493652]","[156.2922477722168, 153.59410285949707]","[154.80565071105957, 153.64540100097656]"
native-torch.bfloat16-4,4,87.90750026702881,81.38647556304932,-7.418052707870382,87.0263147354126,81.20934963226318,-6.684145043754663,58818560,58818560,"[87.6903247833252, 88.1146240234375]","[81.55817031860352, 81.21734619140625]","[87.42730140686035, 86.61094665527344]","[81.26794815063477, 81.14114761352539]"
native-torch.bfloat16-8,8,89.66636180877686,85.02861499786377,-5.172225924370144,88.82267475128174,84.69480991363525,-4.647309765445806,44113920,44113920,"[89.3710994720459, 90.00285148620605]","[85.03270149230957, 85.01509666442871]","[89.0369987487793, 88.58875274658203]","[84.85230445861816, 84.50627326965332]"
native-torch.float16-1,1,84.79273796081543,78.48825216293335,-7.43517186671755,83.67845058441162,78.84117364883423,-5.780791711359101,57796096,57796096,"[84.26969528198242, 85.27037620544434]","[78.48120212554932, 78.51332664489746]","[83.35807800292969, 83.9186954498291]","[78.69147300720215, 78.97005081176758]"
native-torch.float16-16,16,92.06525325775146,92.57468700408936,0.5533398630986675,91.42917156219482,91.24569892883301,-0.20067187553701737,14704640,14704640,"[92.54382133483887, 90.97402572631836]","[92.43847846984863, 92.71197319030762]","[91.08227729797363, 91.75854682922363]","[89.98982429504395, 92.48492240905762]"
native-torch.float16-2,2,85.6724500656128,79.25268650054932,-7.4933815481486254,85.29391288757324,79.35677528381348,-6.960798728492579,65135104,65135104,"[86.39057159423828, 84.9356460571289]","[79.20497417449951, 79.29842472076416]","[85.10865211486816, 85.44005393981934]","[79.42817687988281, 79.24802303314209]"
native-torch.float16-20,20,95.22107124328613,96.00119113922119,0.8192723372559829,93.42653751373291,94.45643424987793,1.1023599541978513,0,0,"[95.51727294921875, 94.39277648925781]","[95.70545196533203, 96.28379821777344]","[92.96747207641602, 93.85310173034668]","[93.06137084960938, 95.83640098571777]"
native-torch.float16-21,21,151.43256664276123,153.02109718322754,1.0490019258629912,150.6178855895996,151.37638568878174,0.5035923165518819,0,0,"[151.68512344360352, 151.1339282989502]","[153.0197238922119, 153.0270481109619]","[150.72647094726562, 150.4764747619629]","[150.7734203338623, 151.97897911071777]"
native-torch.float16-24,24,151.81007385253906,154.10130977630615,1.509277919193086,151.71236038208008,152.32029914855957,0.4007180199084859,0,0,"[152.58700370788574, 151.0134220123291]","[154.11457061767578, 154.0762710571289]","[151.61297798156738, 151.8028736114502]","[151.34302139282227, 153.28947067260742]"
native-torch.float16-25,25,151.95489883422852,154.67237949371338,1.7883468583987039,151.40272617340088,152.5239610671997,0.7405645341647782,0,0,"[152.49725341796875, 151.41550064086914]","[154.9447536468506, 154.38912391662598]","[151.25982284545898, 151.53305053710938]","[151.53852462768555, 153.50082397460938]"
native-torch.float16-32,32,154.1224479675293,156.43189907073975,1.498452129242711,153.62807750701904,154.14415836334229,0.33592873431593784,0,0,"[154.63157653808594, 153.58752250671387]","[156.05725288391113, 156.7878532409668]","[153.4107780456543, 153.8450527191162]","[153.00557136535645, 155.05512237548828]"
native-torch.float16-4,4,86.76841259002686,80.40611267089844,-7.332506990982679,86.32208824157715,80.4875373840332,-6.7590473960912885,58818560,58818560,"[87.38485336303711, 86.1390209197998]","[80.34762382507324, 80.45575141906738]","[85.96067428588867, 86.37377738952637]","[80.54015159606934, 80.42702674865723]"
native-torch.float16-8,8,87.70723819732666,83.43841552734375,-4.867126998548022,87.8021764755249,83.11721324920654,-5.335816735276833,44113920,44113920,"[88.2363224029541, 87.17212677001953]","[83.39132308959961, 83.47724914550781]","[87.67865180969238, 87.92242050170898]","[83.03324699401855, 83.20324897766113]"
quant-torch.bfloat16-1,1,85.07268905639648,78.6272144317627,-7.576432220640106,83.24663639068604,78.7819504737854,-5.363202779686316,57796096,57796096,"[83.78667831420898, 86.32240295410156]","[78.69012355804443, 78.52994918823242]","[83.33085060119629, 83.16679954528809]","[78.67340087890625, 78.8795518875122]"
quant-torch.bfloat16-16,16,91.98683738708496,91.04115009307861,-1.0280680593755531,93.05232524871826,90.24099826812744,-3.0212323798212037,14704640,14704640,"[92.31664657592773, 91.66732788085938]","[91.0777759552002, 90.98785400390625]","[94.67562675476074, 91.44582748413086]","[90.35772323608398, 90.11707305908203]"
quant-torch.bfloat16-2,2,85.58626174926758,79.56847429275513,-7.031254004459364,85.20823955535889,79.46019887924194,-6.74587423248253,65135104,65135104,"[85.68557739257812, 85.45555114746094]","[79.63502407073975, 79.48192596435547]","[85.00815391540527, 85.40372848510742]","[79.61054801940918, 79.28339958190918]"
quant-torch.bfloat16-20,20,94.24156188964844,95.10517120361328,0.9163783968012762,96.20916366577148,93.90412330627441,-2.3958636284426404,0,0,"[94.0841293334961, 94.41140174865723]","[95.07610321044922, 95.14755249023438]","[99.0806770324707, 93.34887504577637]","[94.15160179138184, 93.66612434387207]"
quant-torch.bfloat16-21,21,151.8276882171631,152.36656188964844,0.35492450607204074,152.79170036315918,151.381254196167,-0.9231170041565151,0,0,"[152.31417655944824, 151.36072158813477]","[152.81487464904785, 151.93695068359375]","[153.4159278869629, 152.15862274169922]","[151.3249969482422, 151.4576530456543]"
quant-torch.bfloat16-24,24,151.4940881729126,152.51168727874756,0.6717087895030449,152.32152462005615,151.83842658996582,-0.31715677170074397,0,0,"[151.71767234802246, 151.2470245361328]","[153.1371784210205, 151.87487602233887]","[153.04659843444824, 151.58782958984375]","[151.40685081481934, 152.29347229003906]"
quant-torch.bfloat16-25,25,151.9462490081787,152.33362674713135,0.2549439301603229,152.6082468032837,151.8393898010254,-0.5038109134753221,0,0,"[151.94802284240723, 151.9225025177002]","[152.73332595825195, 151.95170402526855]","[153.49590301513672, 151.67187690734863]","[151.49680137634277, 152.20664978027344]"
quant-torch.bfloat16-32,32,154.43955898284912,155.60555934906006,0.7549881480433562,154.97807502746582,153.58903884887695,-0.8962791532561631,0,0,"[154.3720245361328, 154.47184562683105]","[154.62687492370605, 156.59072875976562]","[156.23250007629395, 153.68932723999023]","[152.84747123718262, 154.35562133789062]"
quant-torch.bfloat16-4,4,87.79883861541748,81.39354705810547,-7.29541718127834,87.20160007476807,81.2236499786377,-6.85532156635289,58818560,58818560,"[87.69987106323242, 87.94090270996094]","[81.52642250061035, 81.22485160827637]","[87.4749755859375, 86.56455039978027]","[81.28677368164062, 81.1412525177002]"
quant-torch.bfloat16-8,8,89.60565090179443,85.00792503356934,-5.13106687128928,88.79778861999512,84.66434001922607,-4.654900380974459,44113920,44113920,"[89.35747146606445, 89.92395401000977]","[85.0255012512207, 84.97767448425293]","[89.02667045593262, 88.54472160339355]","[84.8015022277832, 84.48897361755371]"
quant-torch.float16-1,1,84.78206157684326,78.40197324752808,-7.525280950537527,83.52352619171143,78.69987487792969,-5.775200753270426,57796096,57796096,"[84.2628002166748, 85.26394844055176]","[78.40254783630371, 78.40139865875244]","[83.19720268249512, 83.85062217712402]","[78.51174831390381, 78.88400077819824]"
quant-torch.float16-16,16,91.79369926452637,92.75385856628418,1.0459969577986783,91.77969932556152,91.7515754699707,-0.030642784621748298,14704640,14704640,"[92.62982368469238, 90.9488296508789]","[92.43047714233398, 92.78429985046387]","[91.10025405883789, 91.78794860839844]","[90.09394645690918, 92.56747245788574]"
quant-torch.float16-2,2,85.71797370910645,79.29951190948486,-7.487883254687466,85.29053688049316,79.36421155929565,-6.94839725244234,65135104,65135104,"[86.42532348632812, 84.9659252166748]","[79.25007343292236, 79.31574821472168]","[85.01917839050293, 85.4066276550293]","[79.46577548980713, 79.24359798431396]"
quant-torch.float16-20,20,94.95804786682129,95.80525875091553,0.8921949251552208,93.25971126556396,94.40027236938477,1.2229944617488275,0,0,"[95.50254821777344, 94.41925048828125]","[95.48754692077637, 96.15744590759277]","[92.77307510375977, 93.75282287597656]","[92.6795482635498, 96.13642692565918]"
quant-torch.float16-21,21,151.56362533569336,153.23346138000488,1.1017393128549546,150.7169246673584,151.67840003967285,0.6379345746580833,0,0,"[151.8486213684082, 151.32247924804688]","[153.15412521362305, 153.28802108764648]","[150.86529731750488, 150.54502487182617]","[151.17369651794434, 152.18982696533203]"
quant-torch.float16-24,24,151.83373928070068,154.04894828796387,1.4589701984272674,151.485595703125,152.07382202148438,0.38830511615912666,0,0,"[152.64155387878418, 151.04042053222656]","[153.9153289794922, 154.20382499694824]","[151.33777618408203, 151.64380073547363]","[151.11635208129883, 153.065824508667]"
quant-torch.float16-25,25,152.0375108718872,154.3219518661499,1.5025509041565854,151.43747329711914,152.190523147583,0.4972678387114904,0,0,"[152.66087532043457, 151.41302108764648]","[154.48037147521973, 154.13100242614746]","[151.24857902526855, 151.59720420837402]","[151.03705406188965, 153.36387634277344]"
quant-torch.float16-32,32,154.05482292175293,156.56311511993408,1.6281815464194604,153.5604476928711,154.06102180480957,0.3259785442535579,0,0,"[154.57955360412598, 153.5476016998291]","[156.2310028076172, 156.88992500305176]","[153.3477020263672, 153.7961769104004]","[152.53037452697754, 155.6379222869873]"
quant-torch.float16-4,4,86.89026355743408,80.39365291595459,-7.476799327677563,86.22598648071289,80.46319007873535,-6.68336384097683,58818560,58818560,"[87.39540100097656, 86.07500076293945]","[80.33755302429199, 80.45002937316895]","[85.99337577819824, 86.4564037322998]","[80.50527572631836, 80.42777061462402]"
quant-torch.float16-8,8,87.7035140991211,83.42973709106445,-4.872982630121847,87.8168249130249,83.05354595184326,-5.424107471318007,44113920,44113920,"[88.20187568664551, 87.2038459777832]","[83.40444564819336, 83.45272064208984]","[87.6606273651123, 87.9731273651123]","[82.95760154724121, 83.16287040710449]"
