Device_id,Model ID,Task ID,Stream ID,Name,Type,OP State,Accelerator Core,Start Time(us),Duration(us),Wait Time(us),Block Num,Mix Block Num,HF32 Eligible,Input Shapes,Input Data Types,Input Formats,Output Shapes,Output Data Types,Output Formats,Context ID,aicore_time(us),aic_total_cycles,aic_mac_time(us),aic_mac_ratio,aic_scalar_time(us),aic_scalar_ratio,aic_mte1_time(us),aic_mte1_ratio,aic_mte2_time(us),aic_mte2_ratio,aic_fixpipe_time(us),aic_fixpipe_ratio,aic_icache_miss_rate,aiv_time(us),aiv_total_cycles,aiv_vec_time(us),aiv_vec_ratio,aiv_scalar_time(us),aiv_scalar_ratio,aiv_mte2_time(us),aiv_mte2_ratio,aiv_mte3_time(us),aiv_mte3_ratio,aiv_icache_miss_rate,cube_utilization(%)
0,49,0,13,HcPre,HcPre,static,MIX_AIC,1790788556738839.799	,31.340,0,20,40,NO,"""2,4,7168;24,28672;3;24;""",DT_BF16;FLOAT;FLOAT;FLOAT;DT_UNDEFINED,ND;ND;ND;ND;NULL,"""2,7168;2,4;2,4,4;2,4""",DT_BF16;FLOAT;FLOAT;FLOAT,ND;ND;ND;ND,0,18.657,671654,2.167,0.116,10.125,0.543,2.191,0.117,1.605,0.086,0.604,0.032,0.031,21.652,1558964,0.413,0.019,5.955,0.275,2.326,0.107,0.413,0.019,0.107,59.531
0,49,1,13,HcPre,HcPre,static,MIX_AIC,1790788556738873.919	,27.541,2.910000,20,40,NO,"""2,4,7168;24,28672;3;24;""",DT_BF16;FLOAT;FLOAT;FLOAT;DT_UNDEFINED,ND;ND;ND;ND;NULL,"""2,7168;2,4;2,4,4;2,4""",DT_BF16;FLOAT;FLOAT;FLOAT,ND;ND;ND;ND,0,17.253,621097,2.168,0.126,10.647,0.617,2.195,0.127,1.386,0.08,0.603,0.035,0.002,18.118,1304470,0.414,0.023,5.592,0.309,2.317,0.128,0.328,0.018,0.083,62.644
0,49,2,13,HcPre,HcPre,static,MIX_AIC,1790788556738904.420	,29.861,2.959000,20,40,NO,"""2,4,7168;24,28672;3;24;""",DT_BF16;FLOAT;FLOAT;FLOAT;DT_UNDEFINED,ND;ND;ND;ND;NULL,"""2,7168;2,4;2,4,4;2,4""",DT_BF16;FLOAT;FLOAT;FLOAT,ND;ND;ND;ND,0,16.802,604876,2.167,0.129,11.304,0.673,2.19,0.13,1.544,0.092,0.603,0.036,0.0,20.431,1471014,0.414,0.02,5.365,0.263,2.716,0.133,0.433,0.021,0.086,56.268
0,49,3,13,HcPre,HcPre,static,MIX_AIC,1790788556738937.401	,29.940,3.139000,20,40,NO,"""2,4,7168;24,28672;3;24;""",DT_BF16;FLOAT;FLOAT;FLOAT;DT_UNDEFINED,ND;ND;ND;ND;NULL,"""2,7168;2,4;2,4,4;2,4""",DT_BF16;FLOAT;FLOAT;FLOAT,ND;ND;ND;ND,0,17.636,634882,2.167,0.123,11.448,0.649,2.191,0.124,1.481,0.084,0.604,0.034,0.0,20.85,1501198,0.413,0.02,5.204,0.25,2.5,0.12,0.363,0.017,0.059,58.903
0,49,4,13,HcPre,HcPre,static,MIX_AIC,1790788556738970.341	,31.761,2.810000,20,40,NO,"""2,4,7168;24,28672;3;24;""",DT_BF16;FLOAT;FLOAT;FLOAT;DT_UNDEFINED,ND;ND;ND;ND;NULL,"""2,7168;2,4;2,4,4;2,4""",DT_BF16;FLOAT;FLOAT;FLOAT,ND;ND;ND;ND,0,18.451,664245,2.166,0.117,12.762,0.692,2.186,0.118,1.529,0.083,0.603,0.033,0.0,21.731,1564607,0.416,0.019,5.833,0.268,3.376,0.155,0.359,0.016,0.047,58.094
0,49,5,13,HcPre,HcPre,static,MIX_AIC,1790788556739005.102	,31.821,2.989000,20,40,NO,"""2,4,7168;24,28672;3;24;""",DT_BF16;FLOAT;FLOAT;FLOAT;DT_UNDEFINED,ND;ND;ND;ND;NULL,"""2,7168;2,4;2,4,4;2,4""",DT_BF16;FLOAT;FLOAT;FLOAT,ND;ND;ND;ND,0,18.428,663403,2.168,0.118,12.562,0.682,2.192,0.119,1.517,0.082,0.603,0.033,0.0,21.74,1565299,0.416,0.019,5.658,0.26,3.198,0.147,0.345,0.016,0.045,57.911
0,49,6,13,HcPre,HcPre,static,MIX_AIC,1790788556739039.843	,31.320,2.929000,20,40,NO,"""2,4,7168;24,28672;3;24;""",DT_BF16;FLOAT;FLOAT;FLOAT;DT_UNDEFINED,ND;ND;ND;ND;NULL,"""2,7168;2,4;2,4,4;2,4""",DT_BF16;FLOAT;FLOAT;FLOAT,ND;ND;ND;ND,0,17.766,639563,2.166,0.122,12.454,0.701,2.188,0.123,1.481,0.083,0.604,0.034,0.0,21.029,1514104,0.415,0.02,5.882,0.28,3.069,0.146,0.333,0.016,0.045,56.723
0,49,7,13,HcPre,HcPre,static,MIX_AIC,1790788556739074.003	,31.301,2.930000,20,40,NO,"""2,4,7168;24,28672;3;24;""",DT_BF16;FLOAT;FLOAT;FLOAT;DT_UNDEFINED,ND;ND;ND;ND;NULL,"""2,7168;2,4;2,4,4;2,4""",DT_BF16;FLOAT;FLOAT;FLOAT,ND;ND;ND;ND,0,17.865,643122,2.167,0.121,12.349,0.691,2.188,0.122,1.462,0.082,0.603,0.034,0.0,21.189,1525631,0.416,0.02,5.746,0.271,2.863,0.135,0.316,0.015,0.044,57.073
0,49,8,13,HcPre,HcPre,static,MIX_AIC,1790788556739108.144	,30.841,2.949000,20,40,NO,"""2,4,7168;24,28672;3;24;""",DT_BF16;FLOAT;FLOAT;FLOAT;DT_UNDEFINED,ND;ND;ND;ND;NULL,"""2,7168;2,4;2,4,4;2,4""",DT_BF16;FLOAT;FLOAT;FLOAT,ND;ND;ND;ND,0,17.596,633439,2.168,0.123,11.809,0.671,2.195,0.125,1.455,0.083,0.603,0.034,0.0,20.816,1498786,0.415,0.02,5.192,0.249,2.805,0.135,0.267,0.013,0.044,57.052
0,49,9,13,HcPre,HcPre,static,MIX_AIC,1790788556739141.705	,31.180,2.659000,20,40,NO,"""2,4,7168;24,28672;3;24;""",DT_BF16;FLOAT;FLOAT;FLOAT;DT_UNDEFINED,ND;ND;ND;ND;NULL,"""2,7168;2,4;2,4,4;2,4""",DT_BF16;FLOAT;FLOAT;FLOAT,ND;ND;ND;ND,0,17.141,617082,2.168,0.126,11.78,0.687,2.197,0.128,1.414,0.083,0.604,0.035,0.0,20.46,1473119,0.416,0.02,5.173,0.253,2.688,0.131,0.269,0.013,0.044,54.975
0,49,10,13,HcPre,HcPre,static,MIX_AIC,1790788556739175.725	,30.141,2.820000,20,40,NO,"""2,4,7168;24,28672;3;24;""",DT_BF16;FLOAT;FLOAT;FLOAT;DT_UNDEFINED,ND;ND;ND;ND;NULL,"""2,7168;2,4;2,4,4;2,4""",DT_BF16;FLOAT;FLOAT;FLOAT,ND;ND;ND;ND,0,17.133,616790,2.167,0.126,11.625,0.679,2.197,0.128,1.4,0.082,0.603,0.035,0.0,20.423,1470443,0.414,0.02,5.242,0.257,2.749,0.135,0.349,0.017,0.045,56.843
0,49,11,13,HcPre,HcPre,static,MIX_AIC,1790788556739208.646	,31.161,2.859000,20,40,NO,"""2,4,7168;24,28672;3;24;""",DT_BF16;FLOAT;FLOAT;FLOAT;DT_UNDEFINED,ND;ND;ND;ND;NULL,"""2,7168;2,4;2,4,4;2,4""",DT_BF16;FLOAT;FLOAT;FLOAT,ND;ND;ND;ND,0,16.892,608101,2.167,0.128,11.615,0.688,2.193,0.13,1.336,0.079,0.603,0.036,0.0,20.247,1457759,0.416,0.021,5.049,0.249,2.522,0.125,0.297,0.015,0.044,54.208
0,49,12,13,HcPre,HcPre,static,MIX_AIC,1790788556739242.787	,31.660,2.839000,20,40,NO,"""2,4,7168;24,28672;3;24;""",DT_BF16;FLOAT;FLOAT;FLOAT;DT_UNDEFINED,ND;ND;ND;ND;NULL,"""2,7168;2,4;2,4,4;2,4""",DT_BF16;FLOAT;FLOAT;FLOAT,ND;ND;ND;ND,0,18.383,661799,2.167,0.118,12.909,0.702,2.195,0.119,1.518,0.083,0.603,0.033,0.0,21.678,1560820,0.414,0.019,5.742,0.265,3.408,0.157,0.285,0.013,0.045,58.065
0,49,13,13,HcPre,HcPre,static,MIX_AIC,1790788556739277.547	,32.161,3.090000,20,40,NO,"""2,4,7168;24,28672;3;24;""",DT_BF16;FLOAT;FLOAT;FLOAT;DT_UNDEFINED,ND;ND;ND;ND;NULL,"""2,7168;2,4;2,4,4;2,4""",DT_BF16;FLOAT;FLOAT;FLOAT,ND;ND;ND;ND,0,18.454,664327,2.167,0.117,12.694,0.688,2.191,0.119,1.47,0.08,0.604,0.033,0.0,21.751,1566107,0.416,0.019,5.626,0.259,3.057,0.141,0.301,0.014,0.045,57.379
0,49,14,13,HcPre,HcPre,static,MIX_AIC,1790788556739312.328	,31.401,2.589000,20,40,NO,"""2,4,7168;24,28672;3;24;""",DT_BF16;FLOAT;FLOAT;FLOAT;DT_UNDEFINED,ND;ND;ND;ND;NULL,"""2,7168;2,4;2,4,4;2,4""",DT_BF16;FLOAT;FLOAT;FLOAT,ND;ND;ND;ND,0,17.84,642232,2.168,0.122,12.596,0.706,2.195,0.123,1.43,0.08,0.604,0.034,0.0,21.1,1519196,0.414,0.02,6.029,0.286,3.105,0.147,0.339,0.016,0.045,56.813
0,49,15,13,HcPre,HcPre,static,MIX_AIC,1790788556739346.489	,31.400,2.849000,20,40,NO,"""2,4,7168;24,28672;3;24;""",DT_BF16;FLOAT;FLOAT;FLOAT;DT_UNDEFINED,ND;ND;ND;ND;NULL,"""2,7168;2,4;2,4,4;2,4""",DT_BF16;FLOAT;FLOAT;FLOAT,ND;ND;ND;ND,0,18.021,648756,2.167,0.12,12.483,0.693,2.19,0.122,1.31,0.073,0.603,0.033,0.0,21.31,1534328,0.416,0.02,5.785,0.271,2.861,0.134,0.319,0.015,0.044,57.392
0,49,16,13,HcPre,HcPre,static,MIX_AIC,1790788556739381.089	,30.841,3.100000,20,40,NO,"""2,4,7168;24,28672;3;24;""",DT_BF16;FLOAT;FLOAT;FLOAT;DT_UNDEFINED,ND;ND;ND;ND;NULL,"""2,7168;2,4;2,4,4;2,4""",DT_BF16;FLOAT;FLOAT;FLOAT,ND;ND;ND;ND,0,16.907,608640,2.167,0.128,11.446,0.677,2.193,0.13,1.469,0.087,0.604,0.036,0.0,20.145,1450412,0.415,0.021,5.239,0.26,2.746,0.136,0.388,0.019,0.045,54.819
0,49,17,13,HcPre,HcPre,static,MIX_AIC,1790788556739414.610	,30.381,2.659000,20,40,NO,"""2,4,7168;24,28672;3;24;""",DT_BF16;FLOAT;FLOAT;FLOAT;DT_UNDEFINED,ND;ND;ND;ND;NULL,"""2,7168;2,4;2,4,4;2,4""",DT_BF16;FLOAT;FLOAT;FLOAT,ND;ND;ND;ND,0,16.776,603926,2.166,0.129,11.443,0.682,2.191,0.131,1.484,0.088,0.604,0.036,0.0,20.084,1446039,0.416,0.021,5.111,0.255,2.567,0.128,0.381,0.019,0.045,55.218
0,49,18,13,HcPre,HcPre,static,MIX_AIC,1790788556739447.871	,30.280,2.869000,20,40,NO,"""2,4,7168;24,28672;3;24;""",DT_BF16;FLOAT;FLOAT;FLOAT;DT_UNDEFINED,ND;ND;ND;ND;NULL,"""2,7168;2,4;2,4,4;2,4""",DT_BF16;FLOAT;FLOAT;FLOAT,ND;ND;ND;ND,0,17.127,616559,2.167,0.127,11.631,0.679,2.191,0.128,1.442,0.084,0.603,0.035,0.0,20.377,1467159,0.415,0.02,5.41,0.265,2.78,0.136,0.424,0.021,0.045,56.561
0,49,19,13,HcPre,HcPre,static,MIX_AIC,1790788556739480.811	,31.141,2.720000,20,40,NO,"""2,4,7168;24,28672;3;24;""",DT_BF16;FLOAT;FLOAT;FLOAT;DT_UNDEFINED,ND;ND;ND;ND;NULL,"""2,7168;2,4;2,4,4;2,4""",DT_BF16;FLOAT;FLOAT;FLOAT,ND;ND;ND;ND,0,17.211,619599,2.167,0.126,11.657,0.677,2.19,0.127,1.467,0.085,0.603,0.035,0.0,20.513,1476950,0.416,0.02,5.231,0.255,2.698,0.132,0.395,0.019,0.045,55.268
0,49,0,13,HcPre,HcPre,static,MIX_AIC,1790788556739517.892	,31.641,6.109000,20,40,NO,"""2,4,7168;24,28672;3;24;""",DT_BF16;FLOAT;FLOAT;FLOAT;DT_UNDEFINED,ND;ND;ND;ND;NULL,"""2,7168;2,4;2,4,4;2,4""",DT_BF16;FLOAT;FLOAT;FLOAT,ND;ND;ND;ND,0,18.545,667623,2.167,0.117,10.055,0.542,2.191,0.118,1.605,0.087,0.604,0.033,0.031,21.758,1566572,0.413,0.019,5.902,0.271,2.386,0.11,0.408,0.019,0.108,58.611
0,49,1,13,HcPre,HcPre,static,MIX_AIC,1790788556739552.593	,27.560,2.859000,20,40,NO,"""2,4,7168;24,28672;3;24;""",DT_BF16;FLOAT;FLOAT;FLOAT;DT_UNDEFINED,ND;ND;ND;ND;NULL,"""2,7168;2,4;2,4,4;2,4""",DT_BF16;FLOAT;FLOAT;FLOAT,ND;ND;ND;ND,0,17.245,620804,2.166,0.126,10.702,0.621,2.195,0.127,1.364,0.079,0.604,0.035,0.001,17.915,1289888,0.414,0.023,5.496,0.307,2.342,0.131,0.304,0.017,0.082,62.571
0,49,2,13,HcPre,HcPre,static,MIX_AIC,1790788556739583.094	,30.640,2.940000,20,40,NO,"""2,4,7168;24,28672;3;24;""",DT_BF16;FLOAT;FLOAT;FLOAT;DT_UNDEFINED,ND;ND;ND;ND;NULL,"""2,7168;2,4;2,4,4;2,4""",DT_BF16;FLOAT;FLOAT;FLOAT,ND;ND;ND;ND,0,16.767,603622,2.167,0.129,11.206,0.668,2.192,0.131,1.569,0.094,0.603,0.036,0.0,20.463,1473352,0.414,0.02,5.404,0.264,2.682,0.131,0.431,0.021,0.085,54.723
0,49,3,13,HcPre,HcPre,static,MIX_AIC,1790788556739616.634	,29.981,3.110000,20,40,NO,"""2,4,7168;24,28672;3;24;""",DT_BF16;FLOAT;FLOAT;FLOAT;DT_UNDEFINED,ND;ND;ND;ND;NULL,"""2,7168;2,4;2,4,4;2,4""",DT_BF16;FLOAT;FLOAT;FLOAT,ND;ND;ND;ND,0,17.688,636764,2.168,0.123,11.169,0.631,2.194,0.124,1.501,0.085,0.603,0.034,0.0,20.992,1511399,0.414,0.02,5.186,0.247,2.449,0.117,0.368,0.018,0.06,58.997
0,49,4,13,HcPre,HcPre,static,MIX_AIC,1790788556739649.575	,31.760,2.769000,20,40,NO,"""2,4,7168;24,28672;3;24;""",DT_BF16;FLOAT;FLOAT;FLOAT;DT_UNDEFINED,ND;ND;ND;ND;NULL,"""2,7168;2,4;2,4,4;2,4""",DT_BF16;FLOAT;FLOAT;FLOAT,ND;ND;ND;ND,0,18.41,662760,2.167,0.118,12.663,0.688,2.194,0.119,1.578,0.086,0.604,0.033,0.0,21.717,1563622,0.414,0.019,5.859,0.27,3.381,0.156,0.36,0.017,0.046,57.966
0,49,5,13,HcPre,HcPre,static,MIX_AIC,1790788556739684.316	,31.920,2.990000,20,40,NO,"""2,4,7168;24,28672;3;24;""",DT_BF16;FLOAT;FLOAT;FLOAT;DT_UNDEFINED,ND;ND;ND;ND;NULL,"""2,7168;2,4;2,4,4;2,4""",DT_BF16;FLOAT;FLOAT;FLOAT,ND;ND;ND;ND,0,18.312,659222,2.166,0.118,12.588,0.687,2.194,0.12,1.548,0.085,0.603,0.033,0.0,21.613,1556136,0.416,0.019,5.695,0.263,3.15,0.146,0.344,0.016,0.045,57.368
0,49,6,13,HcPre,HcPre,static,MIX_AIC,1790788556739719.096	,31.541,2.830000,20,40,NO,"""2,4,7168;24,28672;3;24;""",DT_BF16;FLOAT;FLOAT;FLOAT;DT_UNDEFINED,ND;ND;ND;ND;NULL,"""2,7168;2,4;2,4,4;2,4""",DT_BF16;FLOAT;FLOAT;FLOAT,ND;ND;ND;ND,0,17.941,645893,2.166,0.121,12.457,0.694,2.187,0.122,1.551,0.086,0.604,0.034,0.0,21.185,1525318,0.415,0.02,5.996,0.283,3.07,0.145,0.37,0.017,0.046,56.883
0,49,7,13,HcPre,HcPre,static,MIX_AIC,1790788556739753.237	,31.301,2.709000,20,40,NO,"""2,4,7168;24,28672;3;24;""",DT_BF16;FLOAT;FLOAT;FLOAT;DT_UNDEFINED,ND;ND;ND;ND;NULL,"""2,7168;2,4;2,4,4;2,4""",DT_BF16;FLOAT;FLOAT;FLOAT,ND;ND;ND;ND,0,17.901,644422,2.167,0.121,12.395,0.692,2.187,0.122,1.472,0.082,0.603,0.034,0.0,21.208,1526940,0.416,0.02,5.765,0.272,2.906,0.137,0.353,0.017,0.045,57.189
0,49,8,13,HcPre,HcPre,static,MIX_AIC,1790788556739787.378	,30.440,2.949000,20,40,NO,"""2,4,7168;24,28672;3;24;""",DT_BF16;FLOAT;FLOAT;FLOAT;DT_UNDEFINED,ND;ND;ND;ND;NULL,"""2,7168;2,4;2,4,4;2,4""",DT_BF16;FLOAT;FLOAT;FLOAT,ND;ND;ND;ND,0,17.218,619855,2.167,0.126,11.756,0.683,2.188,0.127,1.442,0.084,0.604,0.035,0.0,20.575,1481373,0.414,0.02,5.242,0.255,2.88,0.14,0.265,0.013,0.045,56.564
0,49,9,13,HcPre,HcPre,static,MIX_AIC,1790788556739820.938	,30.581,3.060000,20,40,NO,"""2,4,7168;24,28672;3;24;""",DT_BF16;FLOAT;FLOAT;FLOAT;DT_UNDEFINED,ND;ND;ND;ND;NULL,"""2,7168;2,4;2,4,4;2,4""",DT_BF16;FLOAT;FLOAT;FLOAT,ND;ND;ND;ND,0,17.177,618380,2.168,0.126,11.653,0.678,2.196,0.128,1.437,0.084,0.604,0.035,0.0,20.572,1481158,0.416,0.02,5.249,0.255,2.732,0.133,0.277,0.013,0.044,56.170
0,49,10,13,HcPre,HcPre,static,MIX_AIC,1790788556739854.459	,30.381,2.919000,20,40,NO,"""2,4,7168;24,28672;3;24;""",DT_BF16;FLOAT;FLOAT;FLOAT;DT_UNDEFINED,ND;ND;ND;ND;NULL,"""2,7168;2,4;2,4,4;2,4""",DT_BF16;FLOAT;FLOAT;FLOAT,ND;ND;ND;ND,0,16.887,607915,2.167,0.128,11.542,0.683,2.196,0.13,1.451,0.086,0.604,0.036,0.0,20.142,1450249,0.415,0.021,5.15,0.256,2.739,0.136,0.374,0.019,0.045,55.583
0,49,11,13,HcPre,HcPre,static,MIX_AIC,1790788556739887.380	,30.400,2.619000,20,40,NO,"""2,4,7168;24,28672;3;24;""",DT_BF16;FLOAT;FLOAT;FLOAT;DT_UNDEFINED,ND;ND;ND;ND;NULL,"""2,7168;2,4;2,4,4;2,4""",DT_BF16;FLOAT;FLOAT;FLOAT,ND;ND;ND;ND,0,16.821,605549,2.167,0.129,11.522,0.685,2.195,0.131,1.325,0.079,0.603,0.036,0.0,20.163,1451733,0.416,0.021,5.07,0.251,2.601,0.129,0.346,0.017,0.044,55.332
0,49,12,13,HcPre,HcPre,static,MIX_AIC,1790788556739920.320	,31.541,2.350000,20,40,NO,"""2,4,7168;24,28672;3;24;""",DT_BF16;FLOAT;FLOAT;FLOAT;DT_UNDEFINED,ND;ND;ND;ND;NULL,"""2,7168;2,4;2,4,4;2,4""",DT_BF16;FLOAT;FLOAT;FLOAT,ND;ND;ND;ND,0,18.435,663668,2.167,0.118,12.736,0.691,2.197,0.119,1.525,0.083,0.603,0.033,0.0,21.723,1564052,0.414,0.019,5.645,0.26,3.338,0.154,0.272,0.013,0.045,58.448
0,49,13,13,HcPre,HcPre,static,MIX_AIC,1790788556739954.481	,31.801,2.709000,20,40,NO,"""2,4,7168;24,28672;3;24;""",DT_BF16;FLOAT;FLOAT;FLOAT;DT_UNDEFINED,ND;ND;ND;ND;NULL,"""2,7168;2,4;2,4,4;2,4""",DT_BF16;FLOAT;FLOAT;FLOAT,ND;ND;ND;ND,0,18.321,659557,2.167,0.118,12.705,0.693,2.192,0.12,1.464,0.08,0.603,0.033,0.0,21.708,1562940,0.416,0.019,5.585,0.257,3.088,0.142,0.297,0.014,0.044,57.611
0,49,14,13,HcPre,HcPre,static,MIX_AIC,1790788556739989.262	,30.840,2.949000,20,40,NO,"""2,4,7168;24,28672;3;24;""",DT_BF16;FLOAT;FLOAT;FLOAT;DT_UNDEFINED,ND;ND;ND;ND;NULL,"""2,7168;2,4;2,4,4;2,4""",DT_BF16;FLOAT;FLOAT;FLOAT,ND;ND;ND;ND,0,17.716,637774,2.169,0.122,12.511,0.706,2.196,0.124,1.396,0.079,0.604,0.034,0.0,20.99,1511301,0.414,0.02,5.854,0.279,3.074,0.146,0.323,0.015,0.045,57.445
0,49,15,13,HcPre,HcPre,static,MIX_AIC,1790788556740022.802	,31.801,2.660000,20,40,NO,"""2,4,7168;24,28672;3;24;""",DT_BF16;FLOAT;FLOAT;FLOAT;DT_UNDEFINED,ND;ND;ND;ND;NULL,"""2,7168;2,4;2,4,4;2,4""",DT_BF16;FLOAT;FLOAT;FLOAT,ND;ND;ND;ND,0,17.852,642657,2.166,0.121,12.558,0.703,2.195,0.123,1.355,0.076,0.604,0.034,0.0,21.15,1522780,0.416,0.02,5.782,0.273,2.905,0.137,0.339,0.016,0.044,56.135
0,49,16,13,HcPre,HcPre,static,MIX_AIC,1790788556740057.543	,29.861,2.949000,20,40,NO,"""2,4,7168;24,28672;3;24;""",DT_BF16;FLOAT;FLOAT;FLOAT;DT_UNDEFINED,ND;ND;ND;ND;NULL,"""2,7168;2,4;2,4,4;2,4""",DT_BF16;FLOAT;FLOAT;FLOAT,ND;ND;ND;ND,0,16.814,605292,2.167,0.129,11.438,0.68,2.197,0.131,1.528,0.091,0.603,0.036,0.0,20.05,1443615,0.416,0.021,5.299,0.264,2.735,0.136,0.418,0.021,0.045,56.306
0,49,17,13,HcPre,HcPre,static,MIX_AIC,1790788556740090.504	,30.320,3.139000,20,40,NO,"""2,4,7168;24,28672;3;24;""",DT_BF16;FLOAT;FLOAT;FLOAT;DT_UNDEFINED,ND;ND;ND;ND;NULL,"""2,7168;2,4;2,4,4;2,4""",DT_BF16;FLOAT;FLOAT;FLOAT,ND;ND;ND;ND,0,16.899,608348,2.168,0.128,11.38,0.673,2.194,0.13,1.487,0.088,0.603,0.036,0.0,20.227,1456366,0.416,0.021,5.108,0.253,2.608,0.129,0.381,0.019,0.045,55.734
0,49,18,13,HcPre,HcPre,static,MIX_AIC,1790788556740123.424	,30.361,2.680000,20,40,NO,"""2,4,7168;24,28672;3;24;""",DT_BF16;FLOAT;FLOAT;FLOAT;DT_UNDEFINED,ND;ND;ND;ND;NULL,"""2,7168;2,4;2,4,4;2,4""",DT_BF16;FLOAT;FLOAT;FLOAT,ND;ND;ND;ND,0,17.081,614908,2.167,0.127,11.554,0.676,2.193,0.128,1.47,0.086,0.603,0.035,0.0,20.395,1468405,0.414,0.02,5.308,0.26,2.824,0.138,0.433,0.021,0.045,56.259
0,49,19,13,HcPre,HcPre,static,MIX_AIC,1790788556740156.325	,30.401,2.389000,20,40,NO,"""2,4,7168;24,28672;3;24;""",DT_BF16;FLOAT;FLOAT;FLOAT;DT_UNDEFINED,ND;ND;ND;ND;NULL,"""2,7168;2,4;2,4,4;2,4""",DT_BF16;FLOAT;FLOAT;FLOAT,ND;ND;ND;ND,0,17.324,623651,2.166,0.125,11.577,0.668,2.186,0.126,1.449,0.084,0.603,0.035,0.0,20.624,1484898,0.416,0.02,5.153,0.25,2.666,0.129,0.388,0.019,0.044,56.984
0,49,0,13,HcPre,HcPre,static,MIX_AIC,1790788556740192.846	,31.880,6.099000,20,40,NO,"""2,4,7168;24,28672;3;24;""",DT_BF16;FLOAT;FLOAT;FLOAT;DT_UNDEFINED,ND;ND;ND;ND;NULL,"""2,7168;2,4;2,4,4;2,4""",DT_BF16;FLOAT;FLOAT;FLOAT,ND;ND;ND;ND,0,18.541,667477,2.168,0.117,10.211,0.551,2.197,0.118,1.547,0.083,0.603,0.033,0.032,21.737,1565086,0.413,0.019,5.831,0.268,2.379,0.109,0.409,0.019,0.108,58.159
0,49,1,13,HcPre,HcPre,static,MIX_AIC,1790788556740227.566	,27.401,2.870000,20,40,NO,"""2,4,7168;24,28672;3;24;""",DT_BF16;FLOAT;FLOAT;FLOAT;DT_UNDEFINED,ND;ND;ND;ND;NULL,"""2,7168;2,4;2,4,4;2,4""",DT_BF16;FLOAT;FLOAT;FLOAT,ND;ND;ND;ND,0,17.153,617495,2.168,0.126,10.716,0.625,2.195,0.128,1.393,0.081,0.603,0.035,0.001,17.923,1290491,0.414,0.023,5.615,0.313,2.325,0.13,0.326,0.018,0.084,62.599
0,49,2,13,HcPre,HcPre,static,MIX_AIC,1790788556740257.987	,30.141,3.099000,20,40,NO,"""2,4,7168;24,28672;3;24;""",DT_BF16;FLOAT;FLOAT;FLOAT;DT_UNDEFINED,ND;ND;ND;ND;NULL,"""2,7168;2,4;2,4,4;2,4""",DT_BF16;FLOAT;FLOAT;FLOAT,ND;ND;ND;ND,0,16.728,602200,2.167,0.13,11.202,0.67,2.192,0.131,1.592,0.095,0.604,0.036,0.0,20.339,1464406,0.414,0.02,5.407,0.266,2.699,0.133,0.452,0.022,0.085,55.498
0,49,3,13,HcPre,HcPre,static,MIX_AIC,1790788556740290.688	,30.820,2.609000,20,40,NO,"""2,4,7168;24,28672;3;24;""",DT_BF16;FLOAT;FLOAT;FLOAT;DT_UNDEFINED,ND;ND;ND;ND;NULL,"""2,7168;2,4;2,4,4;2,4""",DT_BF16;FLOAT;FLOAT;FLOAT,ND;ND;ND;ND,0,16.956,610398,2.167,0.128,11.337,0.669,2.191,0.129,1.497,0.088,0.604,0.036,0.0,20.148,1450646,0.412,0.02,5.303,0.263,2.519,0.125,0.375,0.019,0.059,55.015
0,49,4,13,HcPre,HcPre,static,MIX_AIC,1790788556740324.208	,31.501,2.680000,20,40,NO,"""2,4,7168;24,28672;3;24;""",DT_BF16;FLOAT;FLOAT;FLOAT;DT_UNDEFINED,ND;ND;ND;ND;NULL,"""2,7168;2,4;2,4,4;2,4""",DT_BF16;FLOAT;FLOAT;FLOAT,ND;ND;ND;ND,0,18.864,679093,2.168,0.115,12.706,0.674,2.195,0.116,1.631,0.086,0.603,0.032,0.0,22.165,1595909,0.416,0.019,5.898,0.266,3.413,0.154,0.385,0.017,0.046,59.883
0,49,5,13,HcPre,HcPre,static,MIX_AIC,1790788556740358.349	,31.981,2.499000,20,40,NO,"""2,4,7168;24,28672;3;24;""",DT_BF16;FLOAT;FLOAT;FLOAT;DT_UNDEFINED,ND;ND;ND;ND;NULL,"""2,7168;2,4;2,4,4;2,4""",DT_BF16;FLOAT;FLOAT;FLOAT,ND;ND;ND;ND,0,18.372,661383,2.167,0.118,12.651,0.689,2.191,0.119,1.564,0.085,0.604,0.033,0.0,21.688,1561510,0.416,0.019,5.765,0.266,3.143,0.145,0.377,0.017,0.045,57.446
0,49,6,13,HcPre,HcPre,static,MIX_AIC,1790788556740393.130	,31.100,3.019000,20,40,NO,"""2,4,7168;24,28672;3;24;""",DT_BF16;FLOAT;FLOAT;FLOAT;DT_UNDEFINED,ND;ND;ND;ND;NULL,"""2,7168;2,4;2,4,4;2,4""",DT_BF16;FLOAT;FLOAT;FLOAT,ND;ND;ND;ND,0,17.753,639099,2.168,0.122,12.492,0.704,2.197,0.124,1.503,0.085,0.604,0.034,0.0,21.007,1512486,0.415,0.02,5.984,0.285,3.056,0.145,0.39,0.019,0.045,57.083
0,49,7,13,HcPre,HcPre,static,MIX_AIC,1790788556740427.270	,31.341,2.900000,20,40,NO,"""2,4,7168;24,28672;3;24;""",DT_BF16;FLOAT;FLOAT;FLOAT;DT_UNDEFINED,ND;ND;ND;ND;NULL,"""2,7168;2,4;2,4,4;2,4""",DT_BF16;FLOAT;FLOAT;FLOAT,ND;ND;ND;ND,0,17.929,645438,2.167,0.121,12.468,0.695,2.191,0.122,1.455,0.081,0.604,0.034,0.0,21.236,1529006,0.416,0.02,5.733,0.27,2.861,0.135,0.327,0.015,0.045,57.206
0,49,8,13,HcPre,HcPre,static,MIX_AIC,1790788556740461.411	,30.101,2.909000,20,40,NO,"""2,4,7168;24,28672;3;24;""",DT_BF16;FLOAT;FLOAT;FLOAT;DT_UNDEFINED,ND;ND;ND;ND;NULL,"""2,7168;2,4;2,4,4;2,4""",DT_BF16;FLOAT;FLOAT;FLOAT,ND;ND;ND;ND,0,17.303,622891,2.167,0.125,11.841,0.684,2.19,0.127,1.475,0.085,0.603,0.035,0.0,20.544,1479194,0.416,0.02,5.266,0.256,2.875,0.14,0.267,0.013,0.045,57.482
0,49,9,13,HcPre,HcPre,static,MIX_AIC,1790788556740494.312	,30.580,2.649000,20,40,NO,"""2,4,7168;24,28672;3;24;""",DT_BF16;FLOAT;FLOAT;FLOAT;DT_UNDEFINED,ND;ND;ND;ND;NULL,"""2,7168;2,4;2,4,4;2,4""",DT_BF16;FLOAT;FLOAT;FLOAT,ND;ND;ND;ND,0,17.648,635311,2.167,0.123,11.736,0.665,2.191,0.124,1.449,0.082,0.604,0.034,0.0,20.969,1509767,0.416,0.02,5.215,0.249,2.715,0.129,0.278,0.013,0.045,57.709
0,49,10,13,HcPre,HcPre,static,MIX_AIC,1790788556740527.892	,30.581,3.170000,20,40,NO,"""2,4,7168;24,28672;3;24;""",DT_BF16;FLOAT;FLOAT;FLOAT;DT_UNDEFINED,ND;ND;ND;ND;NULL,"""2,7168;2,4;2,4,4;2,4""",DT_BF16;FLOAT;FLOAT;FLOAT,ND;ND;ND;ND,0,16.981,611318,2.167,0.128,11.541,0.68,2.188,0.129,1.4,0.082,0.603,0.036,0.0,20.252,1458163,0.415,0.02,5.233,0.258,2.742,0.135,0.356,0.018,0.045,55.528
0,49,11,13,HcPre,HcPre,static,MIX_AIC,1790788556740561.433	,30.121,2.919000,20,40,NO,"""2,4,7168;24,28672;3;24;""",DT_BF16;FLOAT;FLOAT;FLOAT;DT_UNDEFINED,ND;ND;ND;ND;NULL,"""2,7168;2,4;2,4,4;2,4""",DT_BF16;FLOAT;FLOAT;FLOAT,ND;ND;ND;ND,0,16.898,608317,2.167,0.128,11.448,0.677,2.192,0.13,1.445,0.086,0.603,0.036,0.0,20.203,1454624,0.416,0.021,5.07,0.251,2.639,0.131,0.35,0.017,0.044,56.099
0,49,12,13,HcPre,HcPre,static,MIX_AIC,1790788556740594.394	,31.660,2.879000,20,40,NO,"""2,4,7168;24,28672;3;24;""",DT_BF16;FLOAT;FLOAT;FLOAT;DT_UNDEFINED,ND;ND;ND;ND;NULL,"""2,7168;2,4;2,4,4;2,4""",DT_BF16;FLOAT;FLOAT;FLOAT,ND;ND;ND;ND,0,18.436,663690,2.167,0.118,12.802,0.694,2.194,0.119,1.559,0.085,0.604,0.033,0.0,21.729,1564455,0.415,0.019,5.761,0.265,3.372,0.155,0.276,0.013,0.045,58.231
0,49,13,13,HcPre,HcPre,static,MIX_AIC,1790788556740629.134	,32.041,3.090000,20,40,NO,"""2,4,7168;24,28672;3;24;""",DT_BF16;FLOAT;FLOAT;FLOAT;DT_UNDEFINED,ND;ND;ND;ND;NULL,"""2,7168;2,4;2,4,4;2,4""",DT_BF16;FLOAT;FLOAT;FLOAT,ND;ND;ND;ND,0,18.426,663332,2.167,0.118,12.733,0.691,2.189,0.119,1.472,0.08,0.604,0.033,0.0,21.709,1563021,0.416,0.019,5.576,0.257,3.107,0.143,0.295,0.014,0.044,57.507
0,49,14,13,HcPre,HcPre,static,MIX_AIC,1790788556740663.875	,31.421,2.709000,20,40,NO,"""2,4,7168;24,28672;3;24;""",DT_BF16;FLOAT;FLOAT;FLOAT;DT_UNDEFINED,ND;ND;ND;ND;NULL,"""2,7168;2,4;2,4,4;2,4""",DT_BF16;FLOAT;FLOAT;FLOAT,ND;ND;ND;ND,0,18.107,651860,2.168,0.12,12.51,0.691,2.2,0.122,1.412,0.078,0.604,0.033,0.0,21.537,1550640,0.414,0.019,5.969,0.277,3.096,0.144,0.326,0.015,0.045,57.628
0,49,15,13,HcPre,HcPre,static,MIX_AIC,1790788556740698.056	,31.360,2.579000,20,40,NO,"""2,4,7168;24,28672;3;24;""",DT_BF16;FLOAT;FLOAT;FLOAT;DT_UNDEFINED,ND;ND;ND;ND;NULL,"""2,7168;2,4;2,4,4;2,4""",DT_BF16;FLOAT;FLOAT;FLOAT,ND;ND;ND;ND,0,17.984,647413,2.166,0.12,12.472,0.694,2.189,0.122,1.337,0.074,0.604,0.034,0.0,21.296,1533282,0.416,0.02,5.723,0.269,2.879,0.135,0.301,0.014,0.045,57.346
0,49,16,13,HcPre,HcPre,static,MIX_AIC,1790788556740732.216	,30.161,2.890000,20,40,NO,"""2,4,7168;24,28672;3;24;""",DT_BF16;FLOAT;FLOAT;FLOAT;DT_UNDEFINED,ND;ND;ND;ND;NULL,"""2,7168;2,4;2,4,4;2,4""",DT_BF16;FLOAT;FLOAT;FLOAT,ND;ND;ND;ND,0,16.782,604149,2.167,0.129,11.453,0.682,2.191,0.131,1.556,0.093,0.604,0.036,0.0,19.988,1439146,0.416,0.021,5.223,0.261,2.764,0.138,0.423,0.021,0.044,55.641
0,49,17,13,HcPre,HcPre,static,MIX_AIC,1790788556740765.117	,30.261,2.589000,20,40,NO,"""2,4,7168;24,28672;3;24;""",DT_BF16;FLOAT;FLOAT;FLOAT;DT_UNDEFINED,ND;ND;ND;ND;NULL,"""2,7168;2,4;2,4,4;2,4""",DT_BF16;FLOAT;FLOAT;FLOAT,ND;ND;ND;ND,0,16.945,610033,2.167,0.128,11.463,0.676,2.19,0.129,1.406,0.083,0.603,0.036,0.0,20.272,1459582,0.416,0.021,5.084,0.251,2.601,0.128,0.382,0.019,0.044,55.997
0,49,18,13,HcPre,HcPre,static,MIX_AIC,1790788556740798.058	,30.960,2.739000,20,40,NO,"""2,4,7168;24,28672;3;24;""",DT_BF16;FLOAT;FLOAT;FLOAT;DT_UNDEFINED,ND;ND;ND;ND;NULL,"""2,7168;2,4;2,4,4;2,4""",DT_BF16;FLOAT;FLOAT;FLOAT,ND;ND;ND;ND,0,17.372,625392,2.167,0.125,11.691,0.673,2.192,0.126,1.478,0.085,0.604,0.035,0.0,20.66,1487503,0.416,0.02,5.383,0.261,2.851,0.138,0.428,0.021,0.045,56.111
0,49,19,13,HcPre,HcPre,static,MIX_AIC,1790788556740831.558	,30.781,2.540000,20,40,NO,"""2,4,7168;24,28672;3;24;""",DT_BF16;FLOAT;FLOAT;FLOAT;DT_UNDEFINED,ND;ND;ND;ND;NULL,"""2,7168;2,4;2,4,4;2,4""",DT_BF16;FLOAT;FLOAT;FLOAT,ND;ND;ND;ND,0,17.501,630035,2.167,0.124,11.568,0.661,2.193,0.125,1.51,0.086,0.603,0.034,0.0,20.817,1498805,0.416,0.02,5.252,0.252,2.705,0.13,0.405,0.019,0.045,56.856
