Name,Input Shapes,Call Stack,Host Self Duration(us),Host Total Duration(us),Device Self Duration(us),Device Total Duration(us),Device Self Duration With AICore(us),Device Total Duration With AICore(us)
aten::slice,,,10.72,30.08,0,0,0,0
aten::as_strided,,,19.36,19.36,0,0,0,0
aten::to,,,8.3,8.3,0,0,0,0
aten::to,,,1.23,1.23,0,0,0,0
_C_ascend::npu_sparse_flash_attention,,,92.77,173.12,0,151.8030625,0,0
aten::empty,,,6.35,28.88,0,0,0,0
empty_tensor,,,22.53,22.53,0,0,0,0
aten::empty,,,1.6,4.36,0,0,0,0
empty_tensor,,,2.76,2.76,0,0,0,0
aten::empty,,,1.26,3.39,0,0,0,0
empty_tensor,,,2.13,2.13,0,0,0,0
aten::empty,,,3.08,19.21,0,0,0,0
empty_tensor,,,16.13,16.13,0,0,0,0
aclnnSparseFlashAttention,,,24.51,24.51,151.8030625,151.8030625,0,0
aten::slice,,,9.01,22.62,0,0,0,0
aten::as_strided,,,13.61,13.61,0,0,0,0
aten::to,,,3.41,3.41,0,0,0,0
aten::to,,,1.57,1.57,0,0,0,0
_C_ascend::npu_sparse_flash_attention,,,78.94,205.19,0,152.6830625,0,0
aten::empty,,,6.08,25.36,0,0,0,0
empty_tensor,,,19.28,19.28,0,0,0,0
aten::empty,,,1.74,6.04,0,0,0,0
empty_tensor,,,4.3,4.3,0,0,0,0
aten::empty,,,1.73,4.35,0,0,0,0
empty_tensor,,,2.62,2.62,0,0,0,0
aten::empty,,,2.99,69.4,0,0,0,0
empty_tensor,,,66.41,66.41,0,0,0,0
aclnnSparseFlashAttention,,,21.1,21.1,152.6830625,152.6830625,0,0
aten::slice,,,9.6,23.55,0,0,0,0
aten::as_strided,,,13.95,13.95,0,0,0,0
aten::to,,,3.31,3.31,0,0,0,0
aten::to,,,2.01,2.01,0,0,0,0
_C_ascend::npu_sparse_flash_attention,,,77.16,161.93,0,152.023,0,0
aten::empty,,,5.75,25.84,0,0,0,0
empty_tensor,,,20.09,20.09,0,0,0,0
aten::empty,,,7.56,11.24,0,0,0,0
empty_tensor,,,3.68,3.68,0,0,0,0
aten::empty,,,1.76,4.29,0,0,0,0
empty_tensor,,,2.53,2.53,0,0,0,0
aten::empty,,,8.83,18.04,0,0,0,0
empty_tensor,,,9.21,9.21,0,0,0,0
aclnnSparseFlashAttention,,,25.36,25.36,152.023,152.023,0,0
aten::slice,,,13.92,33.78,0,0,0,0
aten::as_strided,,,19.86,19.86,0,0,0,0
aten::to,,,6.21,6.21,0,0,0,0
aten::to,,,4.02,4.02,0,0,0,0
_C_ascend::npu_sparse_flash_attention,,,79.61,180.26,0,150.663,0,0
aten::empty,,,12.33,33.92,0,0,0,0
empty_tensor,,,21.59,21.59,0,0,0,0
aten::empty,,,5.26,11.41,0,0,0,0
empty_tensor,,,6.15,6.15,0,0,0,0
aten::empty,,,1.69,6.68,0,0,0,0
empty_tensor,,,4.99,4.99,0,0,0,0
aten::empty,,,2.89,12.08,0,0,0,0
empty_tensor,,,9.19,9.19,0,0,0,0
aclnnSparseFlashAttention,,,36.56,36.56,150.663,150.663,0,0
aten::slice,,,9.21,22.73,0,0,0,0
aten::as_strided,,,13.52,13.52,0,0,0,0
aten::to,,,3.45,3.45,0,0,0,0
aten::to,,,1.55,1.55,0,0,0,0
_C_ascend::npu_sparse_flash_attention,,,74.45,188.78,0,150.063,0,0
aten::empty,,,5.12,24.69,0,0,0,0
empty_tensor,,,19.57,19.57,0,0,0,0
aten::empty,,,1.92,4.6,0,0,0,0
empty_tensor,,,2.68,2.68,0,0,0,0
aten::empty,,,24.43,31.65,0,0,0,0
empty_tensor,,,7.22,7.22,0,0,0,0
aten::empty,,,11.78,22.31,0,0,0,0
empty_tensor,,,10.53,10.53,0,0,0,0
aclnnSparseFlashAttention,,,31.08,31.08,150.063,150.063,0,0
