Device_id,kernel_name,kernel_type,stream_id,task_id,task_time(us),task_start(us),task_stop(us)
0,HcPre_6c9f0fa710253eff38b1c0e6be6a67be_0,MIX_AIC,47,489,169.743,1790762075218262.177	,1790762075218431.920	
0,HcPre_6c9f0fa710253eff38b1c0e6be6a67be_0,MIX_AIC,47,490,170.003,1790762075218434.840	,1790762075218604.844	
0,HcPre_6c9f0fa710253eff38b1c0e6be6a67be_0,MIX_AIC,47,491,169.543,1790762075218607.564	,1790762075218777.107	
0,HcPre_6c9f0fa710253eff38b1c0e6be6a67be_0,MIX_AIC,47,492,169.823,1790762075218779.687	,1790762075218949.511	
0,HcPre_6c9f0fa710253eff38b1c0e6be6a67be_0,MIX_AIC,47,493,171.743,1790762075218952.311	,1790762075219124.054	
0,HcPre_6c9f0fa710253eff38b1c0e6be6a67be_0,MIX_AIC,47,494,170.603,1790762075219126.874	,1790762075219297.478	
0,HcPre_6c9f0fa710253eff38b1c0e6be6a67be_0,MIX_AIC,47,495,169.963,1790762075219300.218	,1790762075219470.181	
0,HcPre_6c9f0fa710253eff38b1c0e6be6a67be_0,MIX_AIC,47,496,170.383,1790762075219472.981	,1790762075219643.365	
0,HcPre_6c9f0fa710253eff38b1c0e6be6a67be_0,MIX_AIC,47,497,170.203,1790762075219646.365	,1790762075219816.568	
0,HcPre_6c9f0fa710253eff38b1c0e6be6a67be_0,MIX_AIC,47,498,169.103,1790762075219819.628	,1790762075219988.732	
0,HcPre_6c9f0fa710253eff38b1c0e6be6a67be_0,MIX_AIC,47,499,170.603,1790762075219991.712	,1790762075220162.315	
0,HcPre_6c9f0fa710253eff38b1c0e6be6a67be_0,MIX_AIC,47,500,171.043,1790762075220164.975	,1790762075220336.018	
0,HcPre_6c9f0fa710253eff38b1c0e6be6a67be_0,MIX_AIC,47,501,170.163,1790762075220338.979	,1790762075220509.142	
0,HcPre_6c9f0fa710253eff38b1c0e6be6a67be_0,MIX_AIC,47,502,169.683,1790762075220511.702	,1790762075220681.385	
0,HcPre_6c9f0fa710253eff38b1c0e6be6a67be_0,MIX_AIC,47,503,170.783,1790762075220684.445	,1790762075220855.229	
0,HcPre_6c9f0fa710253eff38b1c0e6be6a67be_0,MIX_AIC,47,504,170.283,1790762075220858.309	,1790762075221028.592	
0,HcPre_6c9f0fa710253eff38b1c0e6be6a67be_0,MIX_AIC,47,505,168.283,1790762075221031.272	,1790762075221199.556	
0,HcPre_6c9f0fa710253eff38b1c0e6be6a67be_0,MIX_AIC,47,506,167.643,1790762075221202.196	,1790762075221369.839	
0,HcPre_6c9f0fa710253eff38b1c0e6be6a67be_0,MIX_AIC,47,507,169.143,1790762075221372.439	,1790762075221541.583	
0,HcPre_6c9f0fa710253eff38b1c0e6be6a67be_0,MIX_AIC,47,508,170.023,1790762075221544.503	,1790762075221714.526	
0,HcPre_6c9f0fa710253eff38b1c0e6be6a67be_0,MIX_AIC,47,509,170.563,1790762075221717.226	,1790762075221887.789	
0,HcPre_6c9f0fa710253eff38b1c0e6be6a67be_0,MIX_AIC,47,510,170.883,1790762075221890.530	,1790762075222061.413	
0,HcPre_6c9f0fa710253eff38b1c0e6be6a67be_0,MIX_AIC,47,511,170.503,1790762075222064.513	,1790762075222235.016	
0,HcPre_6c9f0fa710253eff38b1c0e6be6a67be_0,MIX_AIC,47,512,170.423,1790762075222237.776	,1790762075222408.200	
0,HcPre_6c9f0fa710253eff38b1c0e6be6a67be_0,MIX_AIC,47,513,170.023,1790762075222411.100	,1790762075222581.123	
0,HcPre_6c9f0fa710253eff38b1c0e6be6a67be_0,MIX_AIC,47,514,169.883,1790762075222583.863	,1790762075222753.747	
0,HcPre_6c9f0fa710253eff38b1c0e6be6a67be_0,MIX_AIC,47,515,168.723,1790762075222756.607	,1790762075222925.330	
0,HcPre_6c9f0fa710253eff38b1c0e6be6a67be_0,MIX_AIC,47,516,169.943,1790762075222928.110	,1790762075223098.054	
0,HcPre_6c9f0fa710253eff38b1c0e6be6a67be_0,MIX_AIC,47,517,171.023,1790762075223100.934	,1790762075223271.957	
0,HcPre_6c9f0fa710253eff38b1c0e6be6a67be_0,MIX_AIC,47,518,170.983,1790762075223274.837	,1790762075223445.821	
0,HcPre_6c9f0fa710253eff38b1c0e6be6a67be_0,MIX_AIC,47,519,170.103,1790762075223448.741	,1790762075223618.844	
0,HcPre_6c9f0fa710253eff38b1c0e6be6a67be_0,MIX_AIC,47,520,170.223,1790762075223621.444	,1790762075223791.668	
0,HcPre_6c9f0fa710253eff38b1c0e6be6a67be_0,MIX_AIC,47,521,170.883,1790762075223794.808	,1790762075223965.691	
0,HcPre_6c9f0fa710253eff38b1c0e6be6a67be_0,MIX_AIC,47,522,169.603,1790762075223968.771	,1790762075224138.374	
0,HcPre_6c9f0fa710253eff38b1c0e6be6a67be_0,MIX_AIC,47,523,169.123,1790762075224141.495	,1790762075224310.618	
0,HcPre_6c9f0fa710253eff38b1c0e6be6a67be_0,MIX_AIC,47,524,171.003,1790762075224313.598	,1790762075224484.601	
0,HcPre_6c9f0fa710253eff38b1c0e6be6a67be_0,MIX_AIC,47,525,170.803,1790762075224487.561	,1790762075224658.365	
0,HcPre_6c9f0fa710253eff38b1c0e6be6a67be_0,MIX_AIC,47,526,170.503,1790762075224661.465	,1790762075224831.968	
0,HcPre_6c9f0fa710253eff38b1c0e6be6a67be_0,MIX_AIC,47,527,171.463,1790762075224834.808	,1790762075225006.272	
0,HcPre_6c9f0fa710253eff38b1c0e6be6a67be_0,MIX_AIC,47,528,170.723,1790762075225009.372	,1790762075225180.095	
0,HcPre_6c9f0fa710253eff38b1c0e6be6a67be_0,MIX_AIC,47,529,168.123,1790762075225182.735	,1790762075225350.859	
0,HcPre_6c9f0fa710253eff38b1c0e6be6a67be_0,MIX_AIC,47,530,168.363,1790762075225353.959	,1790762075225522.322	
0,HcPre_6c9f0fa710253eff38b1c0e6be6a67be_0,MIX_AIC,47,531,171.063,1790762075225524.882	,1790762075225695.946	
0,HcPre_6c9f0fa710253eff38b1c0e6be6a67be_0,MIX_AIC,47,532,169.083,1790762075225698.826	,1790762075225867.909	
0,HcPre_6c9f0fa710253eff38b1c0e6be6a67be_0,MIX_AIC,47,533,172.303,1790762075225870.909	,1790762075226043.213	
0,HcPre_6c9f0fa710253eff38b1c0e6be6a67be_0,MIX_AIC,47,534,167.203,1790762075226046.053	,1790762075226213.256	
0,HcPre_6c9f0fa710253eff38b1c0e6be6a67be_0,MIX_AIC,47,535,170.723,1790762075226216.316	,1790762075226387.039	
0,HcPre_6c9f0fa710253eff38b1c0e6be6a67be_0,MIX_AIC,47,536,171.423,1790762075226389.619	,1790762075226561.043	
0,HcPre_6c9f0fa710253eff38b1c0e6be6a67be_0,MIX_AIC,47,537,171.303,1790762075226564.163	,1790762075226735.466	
0,HcPre_6c9f0fa710253eff38b1c0e6be6a67be_0,MIX_AIC,47,538,171.303,1790762075226738.146	,1790762075226909.450	
0,HcPre_6c9f0fa710253eff38b1c0e6be6a67be_0,MIX_AIC,47,539,170.123,1790762075226912.070	,1790762075227082.193	
0,HcPre_6c9f0fa710253eff38b1c0e6be6a67be_0,MIX_AIC,47,540,170.843,1790762075227084.813	,1790762075227255.657	
0,HcPre_6c9f0fa710253eff38b1c0e6be6a67be_0,MIX_AIC,47,541,170.123,1790762075227258.757	,1790762075227428.880	
0,HcPre_6c9f0fa710253eff38b1c0e6be6a67be_0,MIX_AIC,47,542,170.463,1790762075227431.500	,1790762075227601.964	
0,HcPre_6c9f0fa710253eff38b1c0e6be6a67be_0,MIX_AIC,47,543,169.423,1790762075227604.764	,1790762075227774.187	
0,HcPre_6c9f0fa710253eff38b1c0e6be6a67be_0,MIX_AIC,47,544,172.203,1790762075227776.827	,1790762075227949.031	
0,HcPre_6c9f0fa710253eff38b1c0e6be6a67be_0,MIX_AIC,47,545,169.423,1790762075227951.971	,1790762075228121.394	
0,HcPre_6c9f0fa710253eff38b1c0e6be6a67be_0,MIX_AIC,47,546,171.603,1790762075228124.134	,1790762075228295.738	
0,HcPre_6c9f0fa710253eff38b1c0e6be6a67be_0,MIX_AIC,47,547,170.943,1790762075228298.718	,1790762075228469.661	
0,HcPre_6c9f0fa710253eff38b1c0e6be6a67be_0,MIX_AIC,47,548,169.683,1790762075228472.621	,1790762075228642.304	
0,N/A,PROFILING_DISABLE,48,16,0.020,1790762075234481.241	,1790762075234481.261	
