Device_id,OP Type,Core Type,Count,Total Time(us),Min Time(us),Avg Time(us),Max Time(us),Ratio(%)
0,MatMulV2,AI_CORE,476,50978.619,5.12,107.098,974.979,49.689
0,ChunkKdaFwd,MIX_AIC,9,16260.825,398.288,1806.758,4141.463,15.849
0,GroupedMatmul,MIX_AIC,34,5693.854,96.402,167.466,463.689,5.55
0,HcPre,MIX_AIC,136,5262.185,26.261,38.693,95.482,5.129
0,ClipByValueV2,AI_VECTOR_CORE,187,2025.221,1.48,10.83,82.702,1.974
0,RecurrentKda,AI_VECTOR_CORE,45,1830.917,30.321,40.687,53.541,1.785
0,HcPost,AI_VECTOR_CORE,136,1508.81,5.92,11.094,37.501,1.471
0,RmsNorm,AI_VECTOR_CORE,187,1117.203,3.1,5.974,15.9,1.089
0,CausalConv1d,MIX_AIC,51,1112.302,12.66,21.81,76.862,1.084
0,Cast,AI_VECTOR_CORE,534,1102.302,0.96,2.064,8.56,1.074
0,Slice,AI_VECTOR_CORE,311,968.6,1.34,3.114,11.58,0.944
0,_copy_conv_state_kernel,AI_VECTOR_CORE,102,929.979,7.16,9.117,12.22,0.906
0,Mul,AI_VECTOR_CORE,170,883.898,1.4,5.199,16.7,0.862
0,TransposeBatchMatMul,AI_CORE,34,870.637,21.2,25.607,55.101,0.849
0,ScatterNdUpdate,MIX_AIV,26,816.396,5.1,31.4,102.802,0.796
0,_expand_pool_indices,AI_VECTOR_CORE,17,812.476,8.9,47.793,320.526,0.792
0,LogSoftmaxV2,AI_VECTOR_CORE,17,753.735,43.661,44.337,45.101,0.735
0,TopKV2,MIX_AIV,51,675.954,3.42,13.254,32.121,0.659
0,SparseFlashAttention,MIX_AIC,17,664.413,29.241,39.083,102.122,0.648
0,ViewCopy,AI_VECTOR_CORE,55,558.131,8.66,10.148,16.48,0.544
0,Add,AI_VECTOR_CORE,136,498.79,1.2,3.668,13.06,0.486
0,ReduceSum,MIX_AIV,34,492.81,8.12,14.494,20.76,0.48
0,ZerosLike,AI_VECTOR_CORE,66,464.309,1.76,7.035,11.48,0.453
0,Sigmoid,AI_VECTOR_CORE,77,414.568,1.52,5.384,13.82,0.404
0,Transpose,AI_VECTOR_CORE,27,381.448,10.42,14.128,21.56,0.372
0,Muls,AI_VECTOR_CORE,85,337.887,1.1,3.975,10.22,0.329
0,layer_norm_gated_fwd_kernel,AI_VECTOR_CORE,51,333.367,3.04,6.537,30.621,0.325
0,ArgMaxV2,AI_VECTOR_CORE,17,330.307,19.08,19.43,19.72,0.322
0,MoeInitRoutingV3,MIX_AIV,17,294.726,10.82,17.337,53.561,0.287
0,Index,AI_VECTOR_CORE,35,285.846,6.38,8.167,13.12,0.279
0,ReduceMean,MIX_AIV,17,261.305,10.82,15.371,22.42,0.255
0,ForeachAddList,AI_VECTOR_CORE,17,254.465,14.08,14.969,16.74,0.248
0,Fill,AI_VECTOR_CORE,180,244.165,1,1.356,1.92,0.238
0,GreaterEqual,AI_VECTOR_CORE,34,224.865,2.86,6.614,13.48,0.219
0,_compute_slot_mapping_fused_groups_kernel,AI_VECTOR_CORE,9,197.724,21.7,21.969,22.44,0.193
0,FloorDiv,AI_VECTOR_CORE,68,195.324,1.72,2.872,6.58,0.19
0,_glm5_next_lightning_indexer_score_kernel,AI_VECTOR_CORE,17,191.404,7.18,11.259,26.341,0.187
0,l2norm_fwd_kernel2,AI_VECTOR_CORE,18,187.944,6.6,10.441,15.38,0.183
0,BroadcastTo,AI_VECTOR_CORE,61,176.883,1.28,2.9,12.2,0.172
0,SwiGlu,AI_VECTOR_CORE,17,146.683,4.92,8.628,25.341,0.143
0,LayerNormV3,AI_VECTOR_CORE,17,133.703,5.2,7.865,19,0.13
0,IndexCheck,AI_VECTOR_CORE,35,132.003,2.5,3.772,11.6,0.129
0,_write_output,AI_VECTOR_CORE,42,124.842,2.62,2.972,3.44,0.122
0,Sub,AI_VECTOR_CORE,83,117.562,1.18,1.416,1.8,0.115
0,ConcatD,AI_VECTOR_CORE,37,115.742,1.84,3.128,10.56,0.113
0,MoeTokenUnpermute,AI_VECTOR_CORE,17,113.822,4.02,6.695,21.08,0.111
0,GatherElements,AI_VECTOR_CORE,17,111.562,3.46,6.562,10.24,0.109
0,_glm5_next_kpool_tail_compress_kernel,AI_VECTOR_CORE,17,110.022,1.72,6.472,30.681,0.107
0,MoeGatingTopK,AI_VECTOR_CORE,17,105.062,4.2,6.18,14.4,0.102
0,FloorMod,AI_VECTOR_CORE,34,100.602,1.62,2.959,6.54,0.098
0,GatherV2,AI_VECTOR_CORE,17,100.402,2.8,5.906,10.02,0.098
0,TensorMove,AI_VECTOR_CORE,12,97.182,7.54,8.098,9.1,0.095
0,_gather_initial_states_kernel,AI_VECTOR_CORE,9,92.942,8.56,10.327,13.04,0.091
0,GatherElementsV2,AI_VECTOR_CORE,17,71.701,3.82,4.218,4.84,0.07
0,_store_kpool_tail_kernel,AI_VECTOR_CORE,17,62.501,2.8,3.677,4.92,0.061
0,compute_slot_mapping_fused_groups_adaptive_kernel,AI_VECTOR_CORE,8,57.641,4.7,7.205,22.06,0.056
0,Equal,AI_VECTOR_CORE,17,40.801,2.22,2.4,2.68,0.04
0,SelectV2,AI_VECTOR_CORE,17,32.441,1.76,1.908,2.06,0.032
0,LogicalAnd,AI_VECTOR_CORE,17,26.76,1.4,1.574,1.82,0.026
0,Abs,AI_VECTOR_CORE,17,25.701,1.32,1.512,1.9,0.025
0,Greater,AI_VECTOR_CORE,9,23.441,2.22,2.605,3.26,0.023
0,Range,AI_VECTOR_CORE,3,20.96,6.9,6.987,7.06,0.02
0,MaskedFill,AI_VECTOR_CORE,3,11.48,3.62,3.827,4.04,0.011
0,_gather_pool_cache,AI_VECTOR_CORE,3,8.86,2.78,2.953,3.06,0.009
0,Less,AI_VECTOR_CORE,3,8.8,2.86,2.933,3.02,0.009
0,LogicalNot,AI_VECTOR_CORE,3,4.32,1.42,1.44,1.46,0.004
0,ScatterElementsV2,MIX_AIV,1,2.24,2.24,2.24,2.24,0.002
0,LinearIndex,AI_VECTOR_CORE,1,1.96,1.96,1.96,1.96,0.002
