Step Id,Device_id,Model ID,Task ID,Stream ID,Name,Type,OP State,Accelerator Core,Start Time(us),Duration(us),Wait Time(us),Block Num,Mix Block Num,HF32 Eligible,Input Shapes,Input Data Types,Input Formats,Output Shapes,Output Data Types,Output Formats,Context ID,aicore_time(us),aic_total_cycles,aic_mac_time(us),aic_mac_ratio,aic_scalar_time(us),aic_scalar_ratio,aic_mte1_time(us),aic_mte1_ratio,aic_mte2_time(us),aic_mte2_ratio,aic_fixpipe_time(us),aic_fixpipe_ratio,aic_icache_miss_rate,aiv_time(us),aiv_total_cycles,aiv_vec_time(us),aiv_vec_ratio,aiv_scalar_time(us),aiv_scalar_ratio,aiv_mte2_time(us),aiv_mte2_ratio,aiv_mte3_time(us),aiv_mte3_ratio,aiv_icache_miss_rate,cube_utilization(%)
1,0,4294967295,1228,47,HcPre,HcPre,dynamic,MIX_AIC,1790757550514710.053	,27.021,0,20,40,NO,"""2,4,4096;24,16384;3;24;""",DT_BF16;FLOAT;FLOAT;FLOAT;DT_UNDEFINED,ND;ND;ND;ND;NULL,"""2,4096;2,4;2,4,4;2,4""",DT_BF16;FLOAT;FLOAT;FLOAT,ND;ND;ND;ND,0,16.873,607431,1.237,0.073,11.331,0.672,1.238,0.073,0.963,0.057,0.519,0.031,0.0,18.839,1356381,0.352,0.019,5.504,0.292,2.845,0.151,0.147,0.008,0.044,62.444
1,0,4294967295,1229,47,HcPre,HcPre,dynamic,MIX_AIC,1790757550514864.796	,27.101,127.729000,20,40,NO,"""2,4,4096;24,16384;3;24;""",DT_BF16;FLOAT;FLOAT;FLOAT;DT_UNDEFINED,ND;ND;ND;ND;NULL,"""2,4096;2,4;2,4,4;2,4""",DT_BF16;FLOAT;FLOAT;FLOAT,ND;ND;ND;ND,0,16.959,610530,1.237,0.073,11.31,0.667,1.238,0.073,0.948,0.056,0.519,0.031,0.0,18.977,1366313,0.352,0.019,5.519,0.291,2.83,0.149,0.154,0.008,0.043,62.578
1,0,4294967295,1230,47,HcPre,HcPre,dynamic,MIX_AIC,1790757550515031.060	,26.700,139.149000,20,40,NO,"""2,4,4096;24,16384;3;24;""",DT_BF16;FLOAT;FLOAT;FLOAT;DT_UNDEFINED,ND;ND;ND;ND;NULL,"""2,4096;2,4;2,4,4;2,4""",DT_BF16;FLOAT;FLOAT;FLOAT,ND;ND;ND;ND,0,16.562,596222,1.237,0.075,11.202,0.676,1.238,0.075,0.904,0.055,0.519,0.031,0.0,18.548,1335453,0.352,0.019,5.473,0.295,2.707,0.146,0.193,0.01,0.044,62.029
1,0,4294967295,1231,47,HcPre,HcPre,dynamic,MIX_AIC,1790757550515191.283	,26.740,133.550000,20,40,NO,"""2,4,4096;24,16384;3;24;""",DT_BF16;FLOAT;FLOAT;FLOAT;DT_UNDEFINED,ND;ND;ND;ND;NULL,"""2,4096;2,4;2,4,4;2,4""",DT_BF16;FLOAT;FLOAT;FLOAT,ND;ND;ND;ND,0,16.614,598092,1.237,0.074,11.25,0.677,1.238,0.075,0.938,0.056,0.519,0.031,0.0,18.628,1341248,0.352,0.019,5.493,0.295,2.702,0.145,0.213,0.011,0.043,62.130
1,0,4294967295,1232,47,HcPre,HcPre,dynamic,MIX_AIC,1790757550515358.086	,28.621,140.010000,20,40,NO,"""2,4,4096;24,16384;3;24;""",DT_BF16;FLOAT;FLOAT;FLOAT;DT_UNDEFINED,ND;ND;ND;ND;NULL,"""2,4096;2,4;2,4,4;2,4""",DT_BF16;FLOAT;FLOAT;FLOAT,ND;ND;ND;ND,0,18.466,664783,1.237,0.067,12.515,0.678,1.238,0.067,0.995,0.054,0.519,0.028,0.0,20.521,1477488,0.352,0.017,6.136,0.299,3.177,0.155,0.156,0.008,0.044,64.520
1,0,4294967295,1233,47,HcPre,HcPre,dynamic,MIX_AIC,1790757550515513.129	,28.841,126.629000,20,40,NO,"""2,4,4096;24,16384;3;24;""",DT_BF16;FLOAT;FLOAT;FLOAT;DT_UNDEFINED,ND;ND;ND;ND;NULL,"""2,4096;2,4;2,4,4;2,4""",DT_BF16;FLOAT;FLOAT;FLOAT,ND;ND;ND;ND,0,18.508,666305,1.237,0.067,12.49,0.675,1.238,0.067,1.115,0.06,0.519,0.028,0.0,20.545,1479216,0.352,0.017,6.297,0.306,3.177,0.155,0.172,0.008,0.044,64.174
1,0,4294967295,1234,47,HcPre,HcPre,dynamic,MIX_AIC,1790757550515667.872	,28.001,125.659000,20,40,NO,"""2,4,4096;24,16384;3;24;""",DT_BF16;FLOAT;FLOAT;FLOAT;DT_UNDEFINED,ND;ND;ND;ND;NULL,"""2,4096;2,4;2,4,4;2,4""",DT_BF16;FLOAT;FLOAT;FLOAT,ND;ND;ND;ND,0,17.848,642520,1.237,0.069,11.915,0.668,1.238,0.069,1.04,0.058,0.519,0.029,0.0,19.909,1433467,0.352,0.018,5.926,0.298,3.018,0.152,0.218,0.011,0.043,63.740
1,0,4294967295,1235,47,HcPre,HcPre,dynamic,MIX_AIC,1790757550515828.816	,28.200,132.999000,20,40,NO,"""2,4,4096;24,16384;3;24;""",DT_BF16;FLOAT;FLOAT;FLOAT;DT_UNDEFINED,ND;ND;ND;ND;NULL,"""2,4096;2,4;2,4,4;2,4""",DT_BF16;FLOAT;FLOAT;FLOAT,ND;ND;ND;ND,0,17.769,639679,1.237,0.07,11.912,0.67,1.238,0.07,1.081,0.061,0.519,0.029,0.0,19.832,1427877,0.352,0.018,6.021,0.304,2.892,0.146,0.213,0.011,0.043,63.010
1,0,4294967295,1236,47,HcPre,HcPre,dynamic,MIX_AIC,1790757550515979.539	,27.120,122.550000,20,40,NO,"""2,4,4096;24,16384;3;24;""",DT_BF16;FLOAT;FLOAT;FLOAT;DT_UNDEFINED,ND;ND;ND;ND;NULL,"""2,4096;2,4;2,4,4;2,4""",DT_BF16;FLOAT;FLOAT;FLOAT,ND;ND;ND;ND,0,17.021,612765,1.237,0.073,11.337,0.666,1.238,0.073,0.966,0.057,0.519,0.03,0.0,19.04,1370888,0.352,0.018,5.552,0.292,2.873,0.151,0.152,0.008,0.043,62.763
1,0,4294967295,1237,47,HcPre,HcPre,dynamic,MIX_AIC,1790757550516133.582	,27.320,126.880000,20,40,NO,"""2,4,4096;24,16384;3;24;""",DT_BF16;FLOAT;FLOAT;FLOAT;DT_UNDEFINED,ND;ND;ND;ND;NULL,"""2,4096;2,4;2,4,4;2,4""",DT_BF16;FLOAT;FLOAT;FLOAT,ND;ND;ND;ND,0,16.905,608588,1.237,0.073,11.292,0.668,1.238,0.073,0.979,0.058,0.519,0.031,0.0,18.92,1362225,0.352,0.019,5.522,0.292,2.864,0.151,0.148,0.008,0.043,61.879
1,0,4294967295,1238,47,HcPre,HcPre,dynamic,MIX_AIC,1790757550516299.105	,26.620,138.180000,20,40,NO,"""2,4,4096;24,16384;3;24;""",DT_BF16;FLOAT;FLOAT;FLOAT;DT_UNDEFINED,ND;ND;ND;ND;NULL,"""2,4096;2,4;2,4,4;2,4""",DT_BF16;FLOAT;FLOAT;FLOAT,ND;ND;ND;ND,0,16.565,596339,1.237,0.075,11.179,0.675,1.238,0.075,0.899,0.054,0.519,0.031,0.0,18.584,1338033,0.353,0.019,5.471,0.294,2.713,0.146,0.226,0.012,0.044,62.228
1,0,4294967295,1239,47,HcPre,HcPre,dynamic,MIX_AIC,1790757550516488.789	,26.680,163.130000,20,40,NO,"""2,4,4096;24,16384;3;24;""",DT_BF16;FLOAT;FLOAT;FLOAT;DT_UNDEFINED,ND;ND;ND;ND;NULL,"""2,4096;2,4;2,4,4;2,4""",DT_BF16;FLOAT;FLOAT;FLOAT,ND;ND;ND;ND,0,16.644,599197,1.237,0.074,11.154,0.67,1.238,0.074,0.938,0.056,0.519,0.031,0.0,18.669,1344155,0.352,0.019,5.474,0.293,2.751,0.147,0.209,0.011,0.043,62.385
1,0,4294967295,1240,47,HcPre,HcPre,dynamic,MIX_AIC,1790757550516637.492	,28.400,122.070000,20,40,NO,"""2,4,4096;24,16384;3;24;""",DT_BF16;FLOAT;FLOAT;FLOAT;DT_UNDEFINED,ND;ND;ND;ND;NULL,"""2,4096;2,4;2,4,4;2,4""",DT_BF16;FLOAT;FLOAT;FLOAT,ND;ND;ND;ND,0,18.295,658621,1.237,0.068,12.374,0.676,1.238,0.068,1.019,0.056,0.519,0.028,0.0,20.343,1464693,0.352,0.017,6.216,0.306,3.198,0.157,0.187,0.009,0.043,64.419
1,0,4294967295,1241,47,HcPre,HcPre,dynamic,MIX_AIC,1790757550516799.335	,28.541,133.350000,20,40,NO,"""2,4,4096;24,16384;3;24;""",DT_BF16;FLOAT;FLOAT;FLOAT;DT_UNDEFINED,ND;ND;ND;ND;NULL,"""2,4096;2,4;2,4,4;2,4""",DT_BF16;FLOAT;FLOAT;FLOAT,ND;ND;ND;ND,0,18.319,659490,1.237,0.068,12.307,0.672,1.238,0.068,1.063,0.058,0.519,0.028,0.0,20.341,1464576,0.352,0.017,6.285,0.309,3.271,0.161,0.196,0.01,0.043,64.185
1,0,4294967295,1242,47,HcPre,HcPre,dynamic,MIX_AIC,1790757550516954.218	,27.961,126.459000,20,40,NO,"""2,4,4096;24,16384;3;24;""",DT_BF16;FLOAT;FLOAT;FLOAT;DT_UNDEFINED,ND;ND;ND;ND;NULL,"""2,4096;2,4;2,4,4;2,4""",DT_BF16;FLOAT;FLOAT;FLOAT,ND;ND;ND;ND,0,17.735,638442,1.237,0.07,12.179,0.687,1.238,0.07,1.011,0.057,0.519,0.029,0.0,19.778,1424031,0.352,0.018,5.902,0.298,3.129,0.158,0.222,0.011,0.043,63.426
1,0,4294967295,1243,47,HcPre,HcPre,dynamic,MIX_AIC,1790757550517103.821	,28.101,121.539000,20,40,NO,"""2,4,4096;24,16384;3;24;""",DT_BF16;FLOAT;FLOAT;FLOAT;DT_UNDEFINED,ND;ND;ND;ND;NULL,"""2,4096;2,4;2,4,4;2,4""",DT_BF16;FLOAT;FLOAT;FLOAT,ND;ND;ND;ND,0,17.681,636499,1.237,0.07,12.16,0.688,1.238,0.07,1.065,0.06,0.519,0.029,0.0,19.711,1419173,0.352,0.018,5.888,0.299,3.136,0.159,0.217,0.011,0.043,62.918
1,0,4294967295,1244,47,HcPre,HcPre,dynamic,MIX_AIC,1790757550517260.504	,26.941,128.649000,20,40,NO,"""2,4,4096;24,16384;3;24;""",DT_BF16;FLOAT;FLOAT;FLOAT;DT_UNDEFINED,ND;ND;ND;ND;NULL,"""2,4096;2,4;2,4,4;2,4""",DT_BF16;FLOAT;FLOAT;FLOAT,ND;ND;ND;ND,0,16.65,599413,1.237,0.074,11.158,0.67,1.238,0.074,0.915,0.055,0.519,0.031,0.0,18.666,1343985,0.353,0.019,5.501,0.295,2.698,0.145,0.206,0.011,0.043,61.803
1,0,4294967295,1245,47,HcPre,HcPre,dynamic,MIX_AIC,1790757550517423.547	,26.801,136.059000,20,40,NO,"""2,4,4096;24,16384;3;24;""",DT_BF16;FLOAT;FLOAT;FLOAT;DT_UNDEFINED,ND;ND;ND;ND;NULL,"""2,4096;2,4;2,4,4;2,4""",DT_BF16;FLOAT;FLOAT;FLOAT,ND;ND;ND;ND,0,16.652,599484,1.237,0.074,11.098,0.666,1.238,0.074,0.963,0.058,0.519,0.031,0.0,18.658,1343398,0.352,0.019,5.454,0.292,2.756,0.148,0.205,0.011,0.043,62.133
1,0,4294967295,1246,47,HcPre,HcPre,dynamic,MIX_AIC,1790757550517568.810	,27.041,118.449000,20,40,NO,"""2,4,4096;24,16384;3;24;""",DT_BF16;FLOAT;FLOAT;FLOAT;DT_UNDEFINED,ND;ND;ND;ND;NULL,"""2,4096;2,4;2,4,4;2,4""",DT_BF16;FLOAT;FLOAT;FLOAT,ND;ND;ND;ND,0,16.917,609024,1.237,0.073,11.354,0.671,1.238,0.073,0.929,0.055,0.519,0.031,0.0,18.9,1360834,0.352,0.019,5.509,0.291,2.771,0.147,0.153,0.008,0.043,62.562
1,0,4294967295,1247,47,HcPre,HcPre,dynamic,MIX_AIC,1790757550517719.273	,27.001,123.459000,20,40,NO,"""2,4,4096;24,16384;3;24;""",DT_BF16;FLOAT;FLOAT;FLOAT;DT_UNDEFINED,ND;ND;ND;ND;NULL,"""2,4096;2,4;2,4,4;2,4""",DT_BF16;FLOAT;FLOAT;FLOAT,ND;ND;ND;ND,0,16.859,606938,1.237,0.073,11.349,0.673,1.238,0.073,0.971,0.058,0.519,0.031,0.0,18.892,1360200,0.352,0.019,5.503,0.291,2.802,0.148,0.147,0.008,0.043,62.440
1,0,4294967295,1248,47,HcPre,HcPre,dynamic,MIX_AIC,1790757550517888.997	,28.120,142.749000,20,40,NO,"""2,4,4096;24,16384;3;24;""",DT_BF16;FLOAT;FLOAT;FLOAT;DT_UNDEFINED,ND;ND;ND;ND;NULL,"""2,4096;2,4;2,4,4;2,4""",DT_BF16;FLOAT;FLOAT;FLOAT,ND;ND;ND;ND,0,17.858,642870,1.237,0.069,12.002,0.672,1.238,0.069,0.911,0.051,0.519,0.029,0.0,19.938,1435527,0.352,0.018,6.278,0.315,3.0,0.15,0.192,0.01,0.044,63.505
1,0,4294967295,1249,47,HcPre,HcPre,dynamic,MIX_AIC,1790757550518041.900	,28.060,124.880000,20,40,NO,"""2,4,4096;24,16384;3;24;""",DT_BF16;FLOAT;FLOAT;FLOAT;DT_UNDEFINED,ND;ND;ND;ND;NULL,"""2,4096;2,4;2,4,4;2,4""",DT_BF16;FLOAT;FLOAT;FLOAT,ND;ND;ND;ND,0,17.887,643929,1.237,0.069,11.94,0.668,1.238,0.069,1.003,0.056,0.519,0.029,0.0,19.942,1435843,0.352,0.018,6.365,0.319,3.016,0.151,0.193,0.01,0.043,63.745
1,0,4294967295,1250,47,HcPre,HcPre,dynamic,MIX_AIC,1790757550518188.383	,28.440,118.440000,20,40,NO,"""2,4,4096;24,16384;3;24;""",DT_BF16;FLOAT;FLOAT;FLOAT;DT_UNDEFINED,ND;ND;ND;ND;NULL,"""2,4096;2,4;2,4,4;2,4""",DT_BF16;FLOAT;FLOAT;FLOAT,ND;ND;ND;ND,0,18.404,662541,1.237,0.067,12.382,0.673,1.238,0.067,1.004,0.055,0.519,0.028,0.0,20.471,1473925,0.352,0.017,6.006,0.293,3.141,0.153,0.16,0.008,0.043,64.711
1,0,4294967295,1251,47,HcPre,HcPre,dynamic,MIX_AIC,1790757550518338.946	,28.460,122.060000,20,40,NO,"""2,4,4096;24,16384;3;24;""",DT_BF16;FLOAT;FLOAT;FLOAT;DT_UNDEFINED,ND;ND;ND;ND;NULL,"""2,4096;2,4;2,4,4;2,4""",DT_BF16;FLOAT;FLOAT;FLOAT,ND;ND;ND;ND,0,18.423,663242,1.237,0.067,12.446,0.676,1.238,0.067,1.04,0.056,0.519,0.028,0.0,20.448,1472244,0.352,0.017,5.992,0.293,3.192,0.156,0.155,0.008,0.043,64.734
1,0,4294967295,1252,47,HcPre,HcPre,dynamic,MIX_AIC,1790757550518513.009	,26.741,145.540000,20,40,NO,"""2,4,4096;24,16384;3;24;""",DT_BF16;FLOAT;FLOAT;FLOAT;DT_UNDEFINED,ND;ND;ND;ND;NULL,"""2,4096;2,4;2,4,4;2,4""",DT_BF16;FLOAT;FLOAT;FLOAT,ND;ND;ND;ND,0,16.629,598640,1.237,0.074,11.23,0.675,1.238,0.074,0.943,0.057,0.519,0.031,0.0,18.636,1341780,0.352,0.019,5.496,0.295,2.759,0.148,0.202,0.011,0.044,62.185
1,0,4294967295,1253,47,HcPre,HcPre,dynamic,MIX_AIC,1790757550518671.452	,26.801,131.759000,20,40,NO,"""2,4,4096;24,16384;3;24;""",DT_BF16;FLOAT;FLOAT;FLOAT;DT_UNDEFINED,ND;ND;ND;ND;NULL,"""2,4096;2,4;2,4,4;2,4""",DT_BF16;FLOAT;FLOAT;FLOAT,ND;ND;ND;ND,0,16.679,600442,1.237,0.074,11.206,0.672,1.238,0.074,0.979,0.059,0.519,0.031,0.0,18.661,1343592,0.352,0.019,5.514,0.295,2.768,0.148,0.215,0.012,0.043,62.233
1,0,4294967295,1254,47,HcPre,HcPre,dynamic,MIX_AIC,1790757550518832.296	,26.980,133.949000,20,40,NO,"""2,4,4096;24,16384;3;24;""",DT_BF16;FLOAT;FLOAT;FLOAT;DT_UNDEFINED,ND;ND;ND;ND;NULL,"""2,4096;2,4;2,4,4;2,4""",DT_BF16;FLOAT;FLOAT;FLOAT,ND;ND;ND;ND,0,16.9,608397,1.237,0.073,11.402,0.675,1.238,0.073,0.9,0.053,0.519,0.031,0.0,18.932,1363090,0.352,0.019,5.545,0.293,2.813,0.149,0.153,0.008,0.043,62.639
1,0,4294967295,1255,47,HcPre,HcPre,dynamic,MIX_AIC,1790757550519013.239	,27.061,154.020000,20,40,NO,"""2,4,4096;24,16384;3;24;""",DT_BF16;FLOAT;FLOAT;FLOAT;DT_UNDEFINED,ND;ND;ND;ND;NULL,"""2,4096;2,4;2,4,4;2,4""",DT_BF16;FLOAT;FLOAT;FLOAT,ND;ND;ND;ND,0,16.891,608072,1.237,0.073,11.345,0.672,1.238,0.073,0.966,0.057,0.519,0.031,0.0,18.898,1360642,0.352,0.019,5.51,0.292,2.875,0.152,0.15,0.008,0.043,62.418
1,0,4294967295,1256,47,HcPre,HcPre,dynamic,MIX_AIC,1790757550519184.203	,27.800,143.939000,20,40,NO,"""2,4,4096;24,16384;3;24;""",DT_BF16;FLOAT;FLOAT;FLOAT;DT_UNDEFINED,ND;ND;ND;ND;NULL,"""2,4096;2,4;2,4,4;2,4""",DT_BF16;FLOAT;FLOAT;FLOAT,ND;ND;ND;ND,0,17.732,638350,1.237,0.07,11.941,0.673,1.238,0.07,1.004,0.057,0.519,0.029,0.0,19.735,1420910,0.352,0.018,6.416,0.325,3.108,0.157,0.202,0.01,0.043,63.784
1,0,4294967295,1257,47,HcPre,HcPre,dynamic,MIX_AIC,1790757550519352.646	,28.161,140.700000,20,40,NO,"""2,4,4096;24,16384;3;24;""",DT_BF16;FLOAT;FLOAT;FLOAT;DT_UNDEFINED,ND;ND;ND;ND;NULL,"""2,4096;2,4;2,4,4;2,4""",DT_BF16;FLOAT;FLOAT;FLOAT,ND;ND;ND;ND,0,17.71,637568,1.237,0.07,11.948,0.675,1.238,0.07,1.002,0.057,0.519,0.029,0.0,19.722,1420007,0.352,0.018,6.376,0.323,3.159,0.16,0.199,0.01,0.043,62.889
1,0,4294967295,1258,47,HcPre,HcPre,dynamic,MIX_AIC,1790757550519534.350	,28.820,153.339000,20,40,NO,"""2,4,4096;24,16384;3;24;""",DT_BF16;FLOAT;FLOAT;FLOAT;DT_UNDEFINED,ND;ND;ND;ND;NULL,"""2,4096;2,4;2,4,4;2,4""",DT_BF16;FLOAT;FLOAT;FLOAT,ND;ND;ND;ND,0,18.335,660068,1.237,0.067,12.293,0.67,1.238,0.068,1.054,0.058,0.519,0.028,0.0,20.396,1468545,0.352,0.017,6.072,0.298,3.322,0.163,0.175,0.009,0.043,63.620
1,0,4294967295,1259,47,HcPre,HcPre,dynamic,MIX_AIC,1790757550519710.573	,28.361,147.430000,20,40,NO,"""2,4,4096;24,16384;3;24;""",DT_BF16;FLOAT;FLOAT;FLOAT;DT_UNDEFINED,ND;ND;ND;ND;NULL,"""2,4096;2,4;2,4,4;2,4""",DT_BF16;FLOAT;FLOAT;FLOAT,ND;ND;ND;ND,0,18.27,657709,1.237,0.068,12.435,0.681,1.238,0.068,1.032,0.056,0.519,0.028,0.0,20.28,1460136,0.352,0.017,6.085,0.3,3.269,0.161,0.169,0.008,0.042,64.418
1,0,4294967295,1260,47,HcPre,HcPre,dynamic,MIX_AIC,1790757550519865.996	,28.321,127.139000,20,40,NO,"""2,4,4096;24,16384;3;24;""",DT_BF16;FLOAT;FLOAT;FLOAT;DT_UNDEFINED,ND;ND;ND;ND;NULL,"""2,4096;2,4;2,4,4;2,4""",DT_BF16;FLOAT;FLOAT;FLOAT,ND;ND;ND;ND,0,18.238,656568,1.237,0.068,12.524,0.687,1.238,0.068,1.044,0.057,0.519,0.028,0.0,20.273,1459622,0.352,0.017,6.031,0.298,3.243,0.16,0.197,0.01,0.043,64.397
1,0,4294967295,1261,47,HcPre,HcPre,dynamic,MIX_AIC,1790757550520024.419	,28.501,130.179000,20,40,NO,"""2,4,4096;24,16384;3;24;""",DT_BF16;FLOAT;FLOAT;FLOAT;DT_UNDEFINED,ND;ND;ND;ND;NULL,"""2,4096;2,4;2,4,4;2,4""",DT_BF16;FLOAT;FLOAT;FLOAT,ND;ND;ND;ND,0,18.36,660972,1.237,0.067,12.641,0.689,1.238,0.067,1.026,0.056,0.519,0.028,0.0,20.388,1467904,0.352,0.017,6.047,0.297,3.157,0.155,0.187,0.009,0.043,64.420
1,0,4294967295,1262,47,HcPre,HcPre,dynamic,MIX_AIC,1790757550520216.263	,27.781,163.249000,20,40,NO,"""2,4,4096;24,16384;3;24;""",DT_BF16;FLOAT;FLOAT;FLOAT;DT_UNDEFINED,ND;ND;ND;ND;NULL,"""2,4096;2,4;2,4,4;2,4""",DT_BF16;FLOAT;FLOAT;FLOAT,ND;ND;ND;ND,0,17.626,634541,1.237,0.07,11.848,0.672,1.238,0.07,0.974,0.055,0.519,0.029,0.0,19.663,1415706,0.352,0.018,5.769,0.293,3.037,0.154,0.17,0.009,0.044,63.447
1,0,4294967295,1263,47,HcPre,HcPre,dynamic,MIX_AIC,1790757550520336.546	,27.780,92.469000,20,40,NO,"""2,4,4096;24,16384;3;24;""",DT_BF16;FLOAT;FLOAT;FLOAT;DT_UNDEFINED,ND;ND;ND;ND;NULL,"""2,4096;2,4;2,4,4;2,4""",DT_BF16;FLOAT;FLOAT;FLOAT,ND;ND;ND;ND,0,17.641,635058,1.237,0.07,11.888,0.674,1.238,0.07,0.992,0.056,0.519,0.029,0.0,19.649,1414754,0.352,0.018,5.775,0.294,3.006,0.153,0.178,0.009,0.043,63.501
1,0,4294967295,1264,47,HcPre,HcPre,dynamic,MIX_AIC,1790757550520517.049	,27.221,152.720000,20,40,NO,"""2,4,4096;24,16384;3;24;""",DT_BF16;FLOAT;FLOAT;FLOAT;DT_UNDEFINED,ND;ND;ND;ND;NULL,"""2,4096;2,4;2,4,4;2,4""",DT_BF16;FLOAT;FLOAT;FLOAT,ND;ND;ND;ND,0,17.028,612998,1.237,0.073,11.57,0.679,1.238,0.073,0.908,0.053,0.519,0.03,0.0,19.07,1373045,0.352,0.018,5.805,0.304,2.745,0.144,0.147,0.008,0.044,62.554
1,0,4294967295,1265,47,HcPre,HcPre,dynamic,MIX_AIC,1790757550520677.012	,27.341,132.779000,20,40,NO,"""2,4,4096;24,16384;3;24;""",DT_BF16;FLOAT;FLOAT;FLOAT;DT_UNDEFINED,ND;ND;ND;ND;NULL,"""2,4096;2,4;2,4,4;2,4""",DT_BF16;FLOAT;FLOAT;FLOAT,ND;ND;ND;ND,0,17.065,614354,1.237,0.073,11.485,0.673,1.238,0.073,0.961,0.056,0.519,0.03,0.0,19.191,1381727,0.352,0.018,5.866,0.306,2.809,0.146,0.154,0.008,0.043,62.417
1,0,4294967295,1266,47,HcPre,HcPre,dynamic,MIX_AIC,1790757550520832.336	,26.860,127.909000,20,40,NO,"""2,4,4096;24,16384;3;24;""",DT_BF16;FLOAT;FLOAT;FLOAT;DT_UNDEFINED,ND;ND;ND;ND;NULL,"""2,4096;2,4;2,4,4;2,4""",DT_BF16;FLOAT;FLOAT;FLOAT,ND;ND;ND;ND,0,16.658,599698,1.237,0.074,11.175,0.671,1.238,0.074,0.88,0.053,0.519,0.031,0.0,18.734,1348835,0.352,0.019,5.43,0.29,2.632,0.14,0.193,0.01,0.043,62.019
1,0,4294967295,1267,47,HcPre,HcPre,dynamic,MIX_AIC,1790757550520997.939	,26.640,138.890000,20,40,NO,"""2,4,4096;24,16384;3;24;""",DT_BF16;FLOAT;FLOAT;FLOAT;DT_UNDEFINED,ND;ND;ND;ND;NULL,"""2,4096;2,4;2,4,4;2,4""",DT_BF16;FLOAT;FLOAT;FLOAT,ND;ND;ND;ND,0,16.651,599451,1.237,0.074,11.121,0.668,1.238,0.074,0.934,0.056,0.519,0.031,0.0,18.697,1346164,0.352,0.019,5.437,0.291,2.72,0.145,0.205,0.011,0.043,62.505
1,0,4294967295,1268,47,HcPre,HcPre,dynamic,MIX_AIC,1790757550521175.262	,28.641,150.610000,20,40,NO,"""2,4,4096;24,16384;3;24;""",DT_BF16;FLOAT;FLOAT;FLOAT;DT_UNDEFINED,ND;ND;ND;ND;NULL,"""2,4096;2,4;2,4,4;2,4""",DT_BF16;FLOAT;FLOAT;FLOAT,ND;ND;ND;ND,0,18.625,670487,1.237,0.066,12.893,0.692,1.238,0.066,1.0,0.054,0.519,0.028,0.0,20.676,1488675,0.351,0.017,6.255,0.303,3.203,0.155,0.19,0.009,0.043,65.028
1,0,4294967295,1269,47,HcPre,HcPre,dynamic,MIX_AIC,1790757550521335.886	,28.300,132.109000,20,40,NO,"""2,4,4096;24,16384;3;24;""",DT_BF16;FLOAT;FLOAT;FLOAT;DT_UNDEFINED,ND;ND;ND;ND;NULL,"""2,4096;2,4;2,4,4;2,4""",DT_BF16;FLOAT;FLOAT;FLOAT,ND;ND;ND;ND,0,18.276,657930,1.237,0.068,12.601,0.689,1.238,0.068,1.042,0.057,0.519,0.028,0.0,20.296,1461277,0.352,0.017,6.081,0.3,3.274,0.161,0.185,0.009,0.043,64.579
1,0,4294967295,1270,47,HcPre,HcPre,dynamic,MIX_AIC,1790757550521508.009	,27.801,143.700000,20,40,NO,"""2,4,4096;24,16384;3;24;""",DT_BF16;FLOAT;FLOAT;FLOAT;DT_UNDEFINED,ND;ND;ND;ND;NULL,"""2,4096;2,4;2,4,4;2,4""",DT_BF16;FLOAT;FLOAT;FLOAT,ND;ND;ND;ND,0,17.747,638896,1.237,0.07,11.879,0.669,1.238,0.07,1.01,0.057,0.519,0.029,0.0,19.778,1424041,0.352,0.018,5.816,0.294,3.09,0.156,0.179,0.009,0.043,63.836
1,0,4294967295,1271,47,HcPre,HcPre,dynamic,MIX_AIC,1790757550521672.972	,27.861,137.199000,20,40,NO,"""2,4,4096;24,16384;3;24;""",DT_BF16;FLOAT;FLOAT;FLOAT;DT_UNDEFINED,ND;ND;ND;ND;NULL,"""2,4096;2,4;2,4,4;2,4""",DT_BF16;FLOAT;FLOAT;FLOAT,ND;ND;ND;ND,0,17.723,638010,1.237,0.07,11.872,0.67,1.238,0.07,1.008,0.057,0.519,0.029,0.0,19.756,1422399,0.352,0.018,5.809,0.294,3.04,0.154,0.172,0.009,0.043,63.610
1,0,4294967295,1272,47,HcPre,HcPre,dynamic,MIX_AIC,1790757550521827.695	,27.581,126.889000,20,40,NO,"""2,4,4096;24,16384;3;24;""",DT_BF16;FLOAT;FLOAT;FLOAT;DT_UNDEFINED,ND;ND;ND;ND;NULL,"""2,4096;2,4;2,4,4;2,4""",DT_BF16;FLOAT;FLOAT;FLOAT,ND;ND;ND;ND,0,17.119,616297,1.237,0.072,11.068,0.647,1.238,0.072,0.948,0.055,0.519,0.03,0.0,19.285,1388543,0.352,0.018,6.351,0.329,1.68,0.087,0.168,0.009,0.043,62.069
1,0,4294967295,1273,47,HcPre,HcPre,dynamic,MIX_AIC,1790757550521996.099	,27.460,140.669000,20,40,NO,"""2,4,4096;24,16384;3;24;""",DT_BF16;FLOAT;FLOAT;FLOAT;DT_UNDEFINED,ND;ND;ND;ND;NULL,"""2,4096;2,4;2,4,4;2,4""",DT_BF16;FLOAT;FLOAT;FLOAT,ND;ND;ND;ND,0,16.973,611035,1.237,0.073,11.415,0.673,1.238,0.073,0.965,0.057,0.519,0.031,0.0,18.981,1366635,0.352,0.019,5.871,0.309,2.812,0.148,0.149,0.008,0.043,61.811
1,0,4294967295,1274,47,HcPre,HcPre,dynamic,MIX_AIC,1790757550522146.722	,27.100,123.290000,20,40,NO,"""2,4,4096;24,16384;3;24;""",DT_BF16;FLOAT;FLOAT;FLOAT;DT_UNDEFINED,ND;ND;ND;ND;NULL,"""2,4096;2,4;2,4,4;2,4""",DT_BF16;FLOAT;FLOAT;FLOAT,ND;ND;ND;ND,0,16.619,598270,1.237,0.074,11.369,0.684,1.238,0.074,0.923,0.056,0.519,0.031,0.0,18.66,1343554,0.352,0.019,5.497,0.295,2.831,0.152,0.176,0.009,0.043,61.323
1,0,4294967295,1275,47,HcPre,HcPre,dynamic,MIX_AIC,1790757550522325.865	,26.901,151.900000,20,40,NO,"""2,4,4096;24,16384;3;24;""",DT_BF16;FLOAT;FLOAT;FLOAT;DT_UNDEFINED,ND;ND;ND;ND;NULL,"""2,4096;2,4;2,4,4;2,4""",DT_BF16;FLOAT;FLOAT;FLOAT,ND;ND;ND;ND,0,16.835,606051,1.237,0.073,11.355,0.675,1.238,0.074,0.98,0.058,0.519,0.031,0.0,18.868,1358499,0.352,0.019,5.699,0.302,2.825,0.15,0.206,0.011,0.043,62.580
1,0,4294967295,1276,47,HcPre,HcPre,dynamic,MIX_AIC,1790757550522474.728	,27.841,122.099000,20,40,NO,"""2,4,4096;24,16384;3;24;""",DT_BF16;FLOAT;FLOAT;FLOAT;DT_UNDEFINED,ND;ND;ND;ND;NULL,"""2,4096;2,4;2,4,4;2,4""",DT_BF16;FLOAT;FLOAT;FLOAT,ND;ND;ND;ND,0,17.744,638795,1.237,0.07,12.087,0.681,1.238,0.07,0.982,0.055,0.519,0.029,0.0,19.773,1423681,0.352,0.018,5.831,0.295,3.081,0.156,0.174,0.009,0.043,63.734
1,0,4294967295,1277,47,HcPre,HcPre,dynamic,MIX_AIC,1790757550522610.431	,27.761,107.909000,20,40,NO,"""2,4,4096;24,16384;3;24;""",DT_BF16;FLOAT;FLOAT;FLOAT;DT_UNDEFINED,ND;ND;ND;ND;NULL,"""2,4096;2,4;2,4,4;2,4""",DT_BF16;FLOAT;FLOAT;FLOAT,ND;ND;ND;ND,0,17.695,637026,1.237,0.07,12.086,0.683,1.238,0.07,1.01,0.057,0.519,0.029,0.0,19.725,1420231,0.352,0.018,5.832,0.296,3.069,0.156,0.187,0.009,0.043,63.741
1,0,4294967295,1278,47,HcPre,HcPre,dynamic,MIX_AIC,1790757550522765.194	,28.501,126.989000,20,40,NO,"""2,4,4096;24,16384;3;24;""",DT_BF16;FLOAT;FLOAT;FLOAT;DT_UNDEFINED,ND;ND;ND;ND;NULL,"""2,4096;2,4;2,4,4;2,4""",DT_BF16;FLOAT;FLOAT;FLOAT,ND;ND;ND;ND,0,18.424,663266,1.237,0.067,12.285,0.667,1.238,0.067,0.977,0.053,0.519,0.028,0.0,20.461,1473180,0.352,0.017,6.019,0.294,3.108,0.152,0.162,0.008,0.043,64.644
1,0,4294967295,1279,47,HcPre,HcPre,dynamic,MIX_AIC,1790757550522910.597	,28.341,116.749000,20,40,NO,"""2,4,4096;24,16384;3;24;""",DT_BF16;FLOAT;FLOAT;FLOAT;DT_UNDEFINED,ND;ND;ND;ND;NULL,"""2,4096;2,4;2,4,4;2,4""",DT_BF16;FLOAT;FLOAT;FLOAT,ND;ND;ND;ND,0,18.24,656651,1.237,0.068,12.271,0.673,1.238,0.068,1.039,0.057,0.519,0.028,0.0,20.193,1453927,0.352,0.017,6.059,0.3,3.194,0.158,0.202,0.01,0.043,64.360
1,0,4294967295,1280,47,HcPre,HcPre,dynamic,MIX_AIC,1790757550523060.620	,26.861,121.659000,20,40,NO,"""2,4,4096;24,16384;3;24;""",DT_BF16;FLOAT;FLOAT;FLOAT;DT_UNDEFINED,ND;ND;ND;ND;NULL,"""2,4096;2,4;2,4,4;2,4""",DT_BF16;FLOAT;FLOAT;FLOAT,ND;ND;ND;ND,0,16.755,603187,1.237,0.074,11.286,0.674,1.238,0.074,0.905,0.054,0.519,0.031,0.0,18.802,1353735,0.352,0.019,5.49,0.292,2.597,0.138,0.228,0.012,0.044,62.377
1,0,4294967295,1281,47,HcPre,HcPre,dynamic,MIX_AIC,1790757550523206.563	,27.120,119.139000,20,40,NO,"""2,4,4096;24,16384;3;24;""",DT_BF16;FLOAT;FLOAT;FLOAT;DT_UNDEFINED,ND;ND;ND;ND;NULL,"""2,4096;2,4;2,4,4;2,4""",DT_BF16;FLOAT;FLOAT;FLOAT,ND;ND;ND;ND,0,16.97,610935,1.237,0.073,11.357,0.669,1.238,0.073,0.931,0.055,0.519,0.031,0.0,18.979,1366484,0.352,0.019,5.536,0.292,2.808,0.148,0.155,0.008,0.043,62.575
1,0,4294967295,1282,47,HcPre,HcPre,dynamic,MIX_AIC,1790757550523347.126	,27.060,113.630000,20,40,NO,"""2,4,4096;24,16384;3;24;""",DT_BF16;FLOAT;FLOAT;FLOAT;DT_UNDEFINED,ND;ND;ND;ND;NULL,"""2,4096;2,4;2,4,4;2,4""",DT_BF16;FLOAT;FLOAT;FLOAT,ND;ND;ND;ND,0,16.877,607579,1.237,0.073,11.347,0.672,1.238,0.073,0.947,0.056,0.519,0.031,0.0,18.877,1359177,0.352,0.019,5.548,0.294,2.872,0.152,0.147,0.008,0.043,62.370
1,0,4294967295,1283,47,HcPre,HcPre,dynamic,MIX_AIC,1790757550523512.469	,26.541,138.190000,20,40,NO,"""2,4,4096;24,16384;3;24;""",DT_BF16;FLOAT;FLOAT;FLOAT;DT_UNDEFINED,ND;ND;ND;ND;NULL,"""2,4096;2,4;2,4,4;2,4""",DT_BF16;FLOAT;FLOAT;FLOAT,ND;ND;ND;ND,0,16.586,597105,1.237,0.075,11.192,0.675,1.238,0.075,0.97,0.058,0.519,0.031,0.0,18.526,1333903,0.352,0.019,5.448,0.294,2.827,0.153,0.204,0.011,0.043,62.493
1,0,4294967295,1284,47,HcPre,HcPre,dynamic,MIX_AIC,1790757550523662.532	,26.801,123.459000,20,40,NO,"""2,4,4096;24,16384;3;24;""",DT_BF16;FLOAT;FLOAT;FLOAT;DT_UNDEFINED,ND;ND;ND;ND;NULL,"""2,4096;2,4;2,4,4;2,4""",DT_BF16;FLOAT;FLOAT;FLOAT,ND;ND;ND;ND,0,16.81,605147,1.237,0.074,11.192,0.666,1.238,0.074,0.896,0.053,0.519,0.031,0.0,18.845,1356808,0.352,0.019,5.476,0.291,2.691,0.143,0.223,0.012,0.043,62.720
1,0,4294967295,1285,47,HcPre,HcPre,dynamic,MIX_AIC,1790757550523814.855	,28.541,125.449000,20,40,NO,"""2,4,4096;24,16384;3;24;""",DT_BF16;FLOAT;FLOAT;FLOAT;DT_UNDEFINED,ND;ND;ND;ND;NULL,"""2,4096;2,4;2,4,4;2,4""",DT_BF16;FLOAT;FLOAT;FLOAT,ND;ND;ND;ND,0,18.495,665809,1.237,0.067,12.583,0.68,1.238,0.067,0.988,0.053,0.519,0.028,0.0,20.565,1480700,0.352,0.017,6.139,0.298,3.081,0.15,0.156,0.008,0.043,64.800
1,0,4294967295,1286,47,HcPre,HcPre,dynamic,MIX_AIC,1790757550523987.059	,28.640,143.709000,20,40,NO,"""2,4,4096;24,16384;3;24;""",DT_BF16;FLOAT;FLOAT;FLOAT;DT_UNDEFINED,ND;ND;ND;ND;NULL,"""2,4096;2,4;2,4,4;2,4""",DT_BF16;FLOAT;FLOAT;FLOAT,ND;ND;ND;ND,0,18.542,667511,1.237,0.067,12.459,0.672,1.238,0.067,1.027,0.055,0.519,0.028,0.0,20.562,1480491,0.352,0.017,6.148,0.299,3.181,0.155,0.161,0.008,0.044,64.742
1,0,4294967295,1287,47,HcPre,HcPre,dynamic,MIX_AIC,1790757550524127.741	,27.981,112.110000,20,40,NO,"""2,4,4096;24,16384;3;24;""",DT_BF16;FLOAT;FLOAT;FLOAT;DT_UNDEFINED,ND;ND;ND;ND;NULL,"""2,4096;2,4;2,4,4;2,4""",DT_BF16;FLOAT;FLOAT;FLOAT,ND;ND;ND;ND,0,17.863,643071,1.237,0.069,11.927,0.668,1.238,0.069,0.991,0.055,0.519,0.029,0.0,19.892,1432188,0.352,0.018,5.761,0.29,2.985,0.15,0.193,0.01,0.043,63.840
